fecha;cod_municipio;municipio;cod_distrito;distrito;cod_barrio;barrio;num_personas;num_personas_hombres;num_personas_mujeres
1 de enero de 2021;28079;Madrid;01; Centro;01;Centro;141.236;71.881;69.355
1 de enero de 2021;28079;Madrid;02; Arganzuela;02;Arganzuela;154.243;72.000;82.243
1 de enero de 2021;28079;Madrid;03; Retiro;03;Retiro;118.557;53.800;64.757
1 de enero de 2021;28079;Madrid;04; Salamanca;04;Salamanca;146.016;64.540;81.476
1 de enero de 2021;28079;Madrid;05; Chamartín;05;Chamartín;145.700;65.599;80.101
1 de enero de 2021;28079;Madrid;06; Tetuán;06;Tetuán;159.849;72.752;87.097
1 de enero de 2021;28079;Madrid;07; Chamberí;07;Chamberí;138.667;61.313;77.354
1 de enero de 2021;28079;Madrid;08; Fuencarral-El Pardo;08;Fuencarral-ElPardo;247.692;116.520;131.172
1 de enero de 2021;28079;Madrid;09; Moncloa-Aravaca;09;Moncloa-Aravaca;120.834;55.588;65.246
1 de enero de 2021;28079;Madrid;10; Latina;10;Latina;240.155;111.209;128.946
1 de enero de 2021;28079;Madrid;11; Carabanchel;11;Carabanchel;258.633;120.600;138.033
1 de enero de 2021;28079;Madrid;12; Usera;12;Usera;142.454;67.230;75.224
1 de enero de 2021;28079;Madrid;13; Puente de Vallecas;13;PuentedeVallecas;239.057;113.355;125.702
1 de enero de 2021;28079;Madrid;14; Moratalaz;14;Moratalaz;93.810;42.662;51.148
1 de enero de 2021;28079;Madrid;15; Ciudad Lineal;15;CiudadLineal;216.818;98.514;118.304
1 de enero de 2021;28079;Madrid;16; Hortaleza;16;Hortaleza;193.228;91.585;101.643
1 de enero de 2021;28079;Madrid;17; Villaverde;17;Villaverde;154.808;73.947;80.861
1 de enero de 2021;28079;Madrid;18; Villa de Vallecas;18;VilladeVallecas;114.733;55.606;59.127
1 de enero de 2021;28079;Madrid;19; Vicálvaro;19;Vicálvaro;75.485;36.497;38.988
1 de enero de 2021;28079;Madrid;20; San Blas-Canillejas;20;SanBlas-Canillejas;160.258;75.788;84.470
1 de enero de 2021;28079;Madrid;21; Barajas;21;Barajas;50.077;24.171;25.906
1 de enero de 2021;28079;Madrid;01; Centro;011;Palacio;23.584;11.632;11.952
1 de enero de 2021;28079;Madrid;01; Centro;012;Embajadores;47.238;24.767;22.471
1 de enero de 2021;28079;Madrid;01; Centro;013;Cortes;10.787;5.379;5.408
1 de enero de 2021;28079;Madrid;01; Centro;014;Justicia;18.208;9.291;8.917
1 de enero de 2021;28079;Madrid;01; Centro;015;Universidad;33.426;16.692;16.734
1 de enero de 2021;28079;Madrid;01; Centro;016;Sol;7.993;4.120;3.873
1 de enero de 2021;28079;Madrid;02; Arganzuela;021;Imperial;22.596;10.446;12.150
1 de enero de 2021;28079;Madrid;02; Arganzuela;022;Acacias;36.395;16.741;19.654
1 de enero de 2021;28079;Madrid;02; Arganzuela;023;Chopera;20.077;9.118;10.959
1 de enero de 2021;28079;Madrid;02; Arganzuela;024;Legazpi;19.572;9.574;9.998
1 de enero de 2021;28079;Madrid;02; Arganzuela;025;Delicias;28.374;13.352;15.022
1 de enero de 2021;28079;Madrid;02; Arganzuela;026;PalosdeMoguer;25.785;12.059;13.726
1 de enero de 2021;28079;Madrid;02; Arganzuela;027;Atocha;1.444;710;734
1 de enero de 2021;28079;Madrid;03; Retiro;031;Pacífico;33.067;14.808;18.259
1 de enero de 2021;28079;Madrid;03; Retiro;032;Adelfas;18.653;8.610;10.043
1 de enero de 2021;28079;Madrid;03; Retiro;033;Estrella;23.051;10.636;12.415
1 de enero de 2021;28079;Madrid;03; Retiro;034;Ibiza;21.558;9.549;12.009
1 de enero de 2021;28079;Madrid;03; Retiro;035;LosJerónimos;6.928;3.232;3.696
1 de enero de 2021;28079;Madrid;03; Retiro;036;NiñoJesús;15.300;6.965;8.335
1 de enero de 2021;28079;Madrid;04; Salamanca;041;Recoletos;15.629;7.048;8.581
1 de enero de 2021;28079;Madrid;04; Salamanca;042;Goya;29.479;12.820;16.659
1 de enero de 2021;28079;Madrid;04; Salamanca;043;FuentedelBerro;20.963;9.155;11.808
1 de enero de 2021;28079;Madrid;04; Salamanca;044;Guindalera;41.939;18.991;22.948
1 de enero de 2021;28079;Madrid;04; Salamanca;045;Lista;20.864;9.029;11.835
1 de enero de 2021;28079;Madrid;04; Salamanca;046;Castellana;17.142;7.497;9.645
1 de enero de 2021;28079;Madrid;05; Chamartín;051;ElViso;17.349;7.811;9.538
1 de enero de 2021;28079;Madrid;05; Chamartín;052;Prosperidad;36.303;16.219;20.084
1 de enero de 2021;28079;Madrid;05; Chamartín;053;CiudadJardín;18.618;8.306;10.312
1 de enero de 2021;28079;Madrid;05; Chamartín;054;Hispanoamérica;31.642;14.214;17.428
1 de enero de 2021;28079;Madrid;05; Chamartín;055;NuevaEspaña;24.697;11.150;13.547
1 de enero de 2021;28079;Madrid;05; Chamartín;056;Castilla;17.091;7.899;9.192
1 de enero de 2021;28079;Madrid;06; Tetuán;061;BellasVistas;29.465;13.461;16.004
1 de enero de 2021;28079;Madrid;06; Tetuán;062;CuatroCaminos;34.817;15.717;19.100
1 de enero de 2021;28079;Madrid;06; Tetuán;063;Castillejos;20.541;9.217;11.324
1 de enero de 2021;28079;Madrid;06; Tetuán;064;Almenara;22.738;10.470;12.268
1 de enero de 2021;28079;Madrid;06; Tetuán;065;Valdeacederas;26.625;12.414;14.211
1 de enero de 2021;28079;Madrid;06; Tetuán;066;Berruguete;25.663;11.473;14.190
1 de enero de 2021;28079;Madrid;07; Chamberí;071;Gaztambide;22.948;10.106;12.842
1 de enero de 2021;28079;Madrid;07; Chamberí;072;Arapiles;24.260;10.884;13.376
1 de enero de 2021;28079;Madrid;07; Chamberí;073;Trafalgar;24.628;11.029;13.599
1 de enero de 2021;28079;Madrid;07; Chamberí;074;Almagro;19.546;8.667;10.879
1 de enero de 2021;28079;Madrid;07; Chamberí;075;RíosRosas;27.216;11.977;15.239
1 de enero de 2021;28079;Madrid;07; Chamberí;076;Vallehermoso;20.069;8.650;11.419
1 de enero de 2021;28079;Madrid;08; Fuencarral-El Pardo;081;ElPardo;3.443;1.723;1.720
1 de enero de 2021;28079;Madrid;08; Fuencarral-El Pardo;082;Fuentelarreina;3.356;1.511;1.845
1 de enero de 2021;28079;Madrid;08; Fuencarral-El Pardo;083;Peñagrande;44.383;20.584;23.799
1 de enero de 2021;28079;Madrid;08; Fuencarral-El Pardo;084;Pilar;45.970;20.963;25.007
1 de enero de 2021;28079;Madrid;08; Fuencarral-El Pardo;085;LaPaz;33.005;15.368;17.637
1 de enero de 2021;28079;Madrid;08; Fuencarral-El Pardo;086;Valverde;64.042;30.504;33.538
1 de enero de 2021;28079;Madrid;08; Fuencarral-El Pardo;087;Mirasierra;34.565;16.520;18.045
1 de enero de 2021;28079;Madrid;08; Fuencarral-El Pardo;088;ElGoloso;18.928;9.347;9.581
1 de enero de 2021;28079;Madrid;09; Moncloa-Aravaca;091;CasadeCampo;13.066;6.058;7.008
1 de enero de 2021;28079;Madrid;09; Moncloa-Aravaca;092;Argüelles;24.162;10.974;13.188
1 de enero de 2021;28079;Madrid;09; Moncloa-Aravaca;093;CiudadUniversitaria;16.175;7.417;8.758
1 de enero de 2021;28079;Madrid;09; Moncloa-Aravaca;094;Valdezarza;30.091;13.744;16.347
1 de enero de 2021;28079;Madrid;09; Moncloa-Aravaca;095;Valdemarín;6.856;3.163;3.693
1 de enero de 2021;28079;Madrid;09; Moncloa-Aravaca;096;ElPlantío;2.916;1.336;1.580
1 de enero de 2021;28079;Madrid;09; Moncloa-Aravaca;097;Aravaca;27.568;12.896;14.672
1 de enero de 2021;28079;Madrid;10; Latina;101;LosCármenes;17.577;8.338;9.239
1 de enero de 2021;28079;Madrid;10; Latina;102;PuertadelÁngel;41.982;19.344;22.638
1 de enero de 2021;28079;Madrid;10; Latina;103;Lucero;36.576;17.056;19.520
1 de enero de 2021;28079;Madrid;10; Latina;104;Aluche;66.968;30.626;36.342
1 de enero de 2021;28079;Madrid;10; Latina;105;Campamento;19.579;9.029;10.550
1 de enero de 2021;28079;Madrid;10; Latina;106;CuatroVientos;5.874;2.926;2.948
1 de enero de 2021;28079;Madrid;10; Latina;107;Águilas;51.599;23.890;27.709
1 de enero de 2021;28079;Madrid;11; Carabanchel;111;Comillas;22.695;10.471;12.224
1 de enero de 2021;28079;Madrid;11; Carabanchel;112;Opañel;33.656;15.385;18.271
1 de enero de 2021;28079;Madrid;11; Carabanchel;113;SanIsidro;39.728;18.584;21.144
1 de enero de 2021;28079;Madrid;11; Carabanchel;114;VistaAlegre;47.082;21.440;25.642
1 de enero de 2021;28079;Madrid;11; Carabanchel;115;PuertaBonita;35.947;16.868;19.079
1 de enero de 2021;28079;Madrid;11; Carabanchel;116;Buenavista;48.008;23.176;24.832
1 de enero de 2021;28079;Madrid;11; Carabanchel;117;Abrantes;31.517;14.676;16.841
1 de enero de 2021;28079;Madrid;12; Usera;121;Orcasitas;23.095;10.880;12.215
1 de enero de 2021;28079;Madrid;12; Usera;122;Orcasur;14.141;6.842;7.299
1 de enero de 2021;28079;Madrid;12; Usera;123;SanFermín;23.838;11.382;12.456
1 de enero de 2021;28079;Madrid;12; Usera;124;Almendrales;22.516;10.543;11.973
1 de enero de 2021;28079;Madrid;12; Usera;125;Moscardó;26.623;12.435;14.188
1 de enero de 2021;28079;Madrid;12; Usera;126;Zofío;14.336;6.733;7.603
1 de enero de 2021;28079;Madrid;12; Usera;127;Pradolongo;17.905;8.415;9.490
1 de enero de 2021;28079;Madrid;13; Puente de Vallecas;131;Entrevías;35.239;16.925;18.314
1 de enero de 2021;28079;Madrid;13; Puente de Vallecas;132;SanDiego;43.574;20.793;22.781
1 de enero de 2021;28079;Madrid;13; Puente de Vallecas;133;PalomerasBajas;40.468;18.959;21.509
1 de enero de 2021;28079;Madrid;13; Puente de Vallecas;134;PalomerasSureste;42.924;20.429;22.495
1 de enero de 2021;28079;Madrid;13; Puente de Vallecas;135;Portazgo;28.736;13.508;15.228
1 de enero de 2021;28079;Madrid;13; Puente de Vallecas;136;Numancia;48.116;22.741;25.375
1 de enero de 2021;28079;Madrid;14; Moratalaz;141;Pavones;8.972;4.081;4.891
1 de enero de 2021;28079;Madrid;14; Moratalaz;142;Horcajo;6.371;3.045;3.326
1 de enero de 2021;28079;Madrid;14; Moratalaz;143;Marroquina;26.658;12.289;14.369
1 de enero de 2021;28079;Madrid;14; Moratalaz;144;MediaLegua;17.660;7.992;9.668
1 de enero de 2021;28079;Madrid;14; Moratalaz;145;Fontarrón;17.290;7.841;9.449
1 de enero de 2021;28079;Madrid;14; Moratalaz;146;Vinateros;16.859;7.414;9.445
1 de enero de 2021;28079;Madrid;15; Ciudad Lineal;151;Ventas;48.411;21.721;26.690
1 de enero de 2021;28079;Madrid;15; Ciudad Lineal;152;PuebloNuevo;62.731;28.931;33.800
1 de enero de 2021;28079;Madrid;15; Ciudad Lineal;153;Quintana;24.621;10.931;13.690
1 de enero de 2021;28079;Madrid;15; Ciudad Lineal;154;Concepción;20.727;9.205;11.522
1 de enero de 2021;28079;Madrid;15; Ciudad Lineal;155;SanPascual;17.823;8.017;9.806
1 de enero de 2021;28079;Madrid;15; Ciudad Lineal;156;SanJuanBautista;12.484;5.828;6.656
1 de enero de 2021;28079;Madrid;15; Ciudad Lineal;157;Colina;6.367;2.857;3.510
1 de enero de 2021;28079;Madrid;15; Ciudad Lineal;158;Atalaya;1.580;687;893
1 de enero de 2021;28079;Madrid;15; Ciudad Lineal;159;Costillares;22.074;10.337;11.737
1 de enero de 2021;28079;Madrid;16; Hortaleza;161;Palomas;6.891;3.360;3.531
1 de enero de 2021;28079;Madrid;16; Hortaleza;162;Piovera;14.835;7.049;7.786
1 de enero de 2021;28079;Madrid;16; Hortaleza;163;Canillas;40.281;18.757;21.524
1 de enero de 2021;28079;Madrid;16; Hortaleza;164;PinardelRey;52.494;24.116;28.378
1 de enero de 2021;28079;Madrid;16; Hortaleza;165;ApóstolSantiago;15.473;7.338;8.135
1 de enero de 2021;28079;Madrid;16; Hortaleza;166;Valdefuentes;63.254;30.965;32.289
1 de enero de 2021;28079;Madrid;17; Villaverde;171;VillaverdeAlto,CascoHistóricodeVillaverde;46.637;22.180;24.457
1 de enero de 2021;28079;Madrid;17; Villaverde;172;SanCristóbal;16.986;8.345;8.641
1 de enero de 2021;28079;Madrid;17; Villaverde;173;Butarque;20.722;10.048;10.674
1 de enero de 2021;28079;Madrid;17; Villaverde;174;LosRosales;37.790;18.145;19.645
1 de enero de 2021;28079;Madrid;17; Villaverde;175;Ángeles;32.673;15.229;17.444
1 de enero de 2021;28079;Madrid;18; Villa de Vallecas;181;CascoHistóricodeVallecas;40.241;19.284;20.957
1 de enero de 2021;28079;Madrid;18; Villa de Vallecas;182;SantaEugenia;24.288;11.635;12.653
1 de enero de 2021;28079;Madrid;18; Villa de Vallecas;183;EnsanchedeVallecas;50.204;24.687;25.517
1 de enero de 2021;28079;Madrid;19; Vicálvaro;191;CascoHistóricodeVicálvaro;35.548;17.141;18.407
1 de enero de 2021;28079;Madrid;19; Vicálvaro;192;Valdebernardo;17.546;8.350;9.196
1 de enero de 2021;28079;Madrid;19; Vicálvaro;193;Valderrivas;17.961;8.752;9.209
1 de enero de 2021;28079;Madrid;19; Vicálvaro;194;ElCañaveral;4.430;2.254;2.176
1 de enero de 2021;28079;Madrid;20; San Blas-Canillejas;201;Simancas;28.451;13.460;14.991
1 de enero de 2021;28079;Madrid;20; San Blas-Canillejas;202;Hellín;9.359;4.300;5.059
1 de enero de 2021;28079;Madrid;20; San Blas-Canillejas;203;Amposta;8.885;4.091;4.794
1 de enero de 2021;28079;Madrid;20; San Blas-Canillejas;204;Arcos;24.642;11.610;13.032
1 de enero de 2021;28079;Madrid;20; San Blas-Canillejas;205;Rosas;31.534;15.121;16.413
1 de enero de 2021;28079;Madrid;20; San Blas-Canillejas;206;Rejas;17.098;8.284;8.814
1 de enero de 2021;28079;Madrid;20; San Blas-Canillejas;207;Canillejas;28.925;13.556;15.369
1 de enero de 2021;28079;Madrid;20; San Blas-Canillejas;208;ElSalvador;11.364;5.366;5.998
1 de enero de 2021;28079;Madrid;21; Barajas;211;AlamedadeOsuna;19.657;9.430;10.227
1 de enero de 2021;28079;Madrid;21; Barajas;212;Aeropuerto;1.918;988;930
1 de enero de 2021;28079;Madrid;21; Barajas;213;CascoHistóricodeBarajas;7.504;3.593;3.911
1 de enero de 2021;28079;Madrid;21; Barajas;214;Timón;13.334;6.379;6.955
1 de enero de 2021;28079;Madrid;21; Barajas;215;Corralejos;7.664;3.781;3.883
1 de enero de 2021;28079;Madrid;Todos;Todos;Todos;Todos;3.312.310;1.545.157;1.767.153
1 de enero de 2020;28079;Madrid;01; Centro;01;Centro;140.473;71.127;69.346
1 de enero de 2020;28079;Madrid;02; Arganzuela;02;Arganzuela;155.660;72.600;83.060
1 de enero de 2020;28079;Madrid;03; Retiro;03;Retiro;120.406;54.517;65.889
1 de enero de 2020;28079;Madrid;04; Salamanca;04;Salamanca;147.854;65.220;82.634
1 de enero de 2020;28079;Madrid;05; Chamartín;05;Chamartín;147.551;66.424;81.127
1 de enero de 2020;28079;Madrid;06; Tetuán;06;Tetuán;161.313;73.358;87.955
1 de enero de 2020;28079;Madrid;07; Chamberí;07;Chamberí;140.866;62.136;78.730
1 de enero de 2020;28079;Madrid;08; Fuencarral-El Pardo;08;Fuencarral-ElPardo;249.973;117.640;132.333
1 de enero de 2020;28079;Madrid;09; Moncloa-Aravaca;09;Moncloa-Aravaca;121.683;55.975;65.708
1 de enero de 2020;28079;Madrid;10; Latina;10;Latina;242.139;112.282;129.857
1 de enero de 2020;28079;Madrid;11; Carabanchel;11;Carabanchel;260.196;121.317;138.879
1 de enero de 2020;28079;Madrid;12; Usera;12;Usera;142.894;67.346;75.548
1 de enero de 2020;28079;Madrid;13; Puente de Vallecas;13;PuentedeVallecas;240.867;114.235;126.632
1 de enero de 2020;28079;Madrid;14; Moratalaz;14;Moratalaz;95.614;43.585;52.029
1 de enero de 2020;28079;Madrid;15; Ciudad Lineal;15;CiudadLineal;219.867;99.966;119.901
1 de enero de 2020;28079;Madrid;16; Hortaleza;16;Hortaleza;193.264;91.659;101.605
1 de enero de 2020;28079;Madrid;17; Villaverde;17;Villaverde;154.318;73.639;80.679
1 de enero de 2020;28079;Madrid;18; Villa de Vallecas;18;VilladeVallecas;114.512;55.510;59.002
1 de enero de 2020;28079;Madrid;19; Vicálvaro;19;Vicálvaro;74.048;35.795;38.253
1 de enero de 2020;28079;Madrid;20; San Blas-Canillejas;20;SanBlas-Canillejas;161.222;76.252;84.970
1 de enero de 2020;28079;Madrid;21; Barajas;21;Barajas;50.010;24.149;25.861
1 de enero de 2020;28079;Madrid;01; Centro;011;Palacio;23.593;11.628;11.965
1 de enero de 2020;28079;Madrid;01; Centro;012;Embajadores;47.048;24.497;22.551
1 de enero de 2020;28079;Madrid;01; Centro;013;Cortes;10.771;5.365;5.406
1 de enero de 2020;28079;Madrid;01; Centro;014;Justicia;18.021;9.161;8.860
1 de enero de 2020;28079;Madrid;01; Centro;015;Universidad;33.418;16.581;16.837
1 de enero de 2020;28079;Madrid;01; Centro;016;Sol;7.622;3.895;3.727
1 de enero de 2020;28079;Madrid;02; Arganzuela;021;Imperial;22.908;10.593;12.315
1 de enero de 2020;28079;Madrid;02; Arganzuela;022;Acacias;36.922;17.045;19.877
1 de enero de 2020;28079;Madrid;02; Arganzuela;023;Chopera;20.287;9.199;11.088
1 de enero de 2020;28079;Madrid;02; Arganzuela;024;Legazpi;19.810;9.671;10.139
1 de enero de 2020;28079;Madrid;02; Arganzuela;025;Delicias;28.233;13.216;15.017
1 de enero de 2020;28079;Madrid;02; Arganzuela;026;PalosdeMoguer;26.289;12.276;14.013
1 de enero de 2020;28079;Madrid;02; Arganzuela;027;Atocha;1.211;600;611
1 de enero de 2020;28079;Madrid;03; Retiro;031;Pacífico;33.767;15.108;18.659
1 de enero de 2020;28079;Madrid;03; Retiro;032;Adelfas;18.785;8.655;10.130
1 de enero de 2020;28079;Madrid;03; Retiro;033;Estrella;23.354;10.765;12.589
1 de enero de 2020;28079;Madrid;03; Retiro;034;Ibiza;21.993;9.699;12.294
1 de enero de 2020;28079;Madrid;03; Retiro;035;LosJerónimos;7.046;3.293;3.753
1 de enero de 2020;28079;Madrid;03; Retiro;036;NiñoJesús;15.461;6.997;8.464
1 de enero de 2020;28079;Madrid;04; Salamanca;041;Recoletos;15.846;7.132;8.714
1 de enero de 2020;28079;Madrid;04; Salamanca;042;Goya;29.945;13.012;16.933
1 de enero de 2020;28079;Madrid;04; Salamanca;043;FuentedelBerro;21.249;9.285;11.964
1 de enero de 2020;28079;Madrid;04; Salamanca;044;Guindalera;42.306;19.146;23.160
1 de enero de 2020;28079;Madrid;04; Salamanca;045;Lista;21.211;9.111;12.100
1 de enero de 2020;28079;Madrid;04; Salamanca;046;Castellana;17.297;7.534;9.763
1 de enero de 2020;28079;Madrid;05; Chamartín;051;ElViso;17.433;7.843;9.590
1 de enero de 2020;28079;Madrid;05; Chamartín;052;Prosperidad;36.940;16.509;20.431
1 de enero de 2020;28079;Madrid;05; Chamartín;053;CiudadJardín;18.893;8.415;10.478
1 de enero de 2020;28079;Madrid;05; Chamartín;054;Hispanoamérica;32.042;14.388;17.654
1 de enero de 2020;28079;Madrid;05; Chamartín;055;NuevaEspaña;25.015;11.347;13.668
1 de enero de 2020;28079;Madrid;05; Chamartín;056;Castilla;17.228;7.922;9.306
1 de enero de 2020;28079;Madrid;06; Tetuán;061;BellasVistas;29.895;13.646;16.249
1 de enero de 2020;28079;Madrid;06; Tetuán;062;CuatroCaminos;35.192;15.832;19.360
1 de enero de 2020;28079;Madrid;06; Tetuán;063;Castillejos;20.835;9.391;11.444
1 de enero de 2020;28079;Madrid;06; Tetuán;064;Almenara;23.003;10.551;12.452
1 de enero de 2020;28079;Madrid;06; Tetuán;065;Valdeacederas;26.545;12.346;14.199
1 de enero de 2020;28079;Madrid;06; Tetuán;066;Berruguete;25.843;11.592;14.251
1 de enero de 2020;28079;Madrid;07; Chamberí;071;Gaztambide;23.329;10.235;13.094
1 de enero de 2020;28079;Madrid;07; Chamberí;072;Arapiles;24.704;11.025;13.679
1 de enero de 2020;28079;Madrid;07; Chamberí;073;Trafalgar;25.023;11.161;13.862
1 de enero de 2020;28079;Madrid;07; Chamberí;074;Almagro;19.838;8.795;11.043
1 de enero de 2020;28079;Madrid;07; Chamberí;075;RíosRosas;27.569;12.132;15.437
1 de enero de 2020;28079;Madrid;07; Chamberí;076;Vallehermoso;20.403;8.788;11.615
1 de enero de 2020;28079;Madrid;08; Fuencarral-El Pardo;081;ElPardo;3.472;1.724;1.748
1 de enero de 2020;28079;Madrid;08; Fuencarral-El Pardo;082;Fuentelarreina;3.308;1.500;1.808
1 de enero de 2020;28079;Madrid;08; Fuencarral-El Pardo;083;Peñagrande;44.938;20.899;24.039
1 de enero de 2020;28079;Madrid;08; Fuencarral-El Pardo;084;Pilar;46.855;21.379;25.476
1 de enero de 2020;28079;Madrid;08; Fuencarral-El Pardo;085;LaPaz;33.644;15.754;17.890
1 de enero de 2020;28079;Madrid;08; Fuencarral-El Pardo;086;Valverde;64.668;30.772;33.896
1 de enero de 2020;28079;Madrid;08; Fuencarral-El Pardo;087;Mirasierra;34.046;16.222;17.824
1 de enero de 2020;28079;Madrid;08; Fuencarral-El Pardo;088;ElGoloso;19.042;9.390;9.652
1 de enero de 2020;28079;Madrid;09; Moncloa-Aravaca;091;CasadeCampo;13.201;6.114;7.087
1 de enero de 2020;28079;Madrid;09; Moncloa-Aravaca;092;Argüelles;24.423;11.074;13.349
1 de enero de 2020;28079;Madrid;09; Moncloa-Aravaca;093;CiudadUniversitaria;16.395;7.483;8.912
1 de enero de 2020;28079;Madrid;09; Moncloa-Aravaca;094;Valdezarza;30.405;13.918;16.487
1 de enero de 2020;28079;Madrid;09; Moncloa-Aravaca;095;Valdemarín;6.957;3.197;3.760
1 de enero de 2020;28079;Madrid;09; Moncloa-Aravaca;096;ElPlantío;2.799;1.290;1.509
1 de enero de 2020;28079;Madrid;09; Moncloa-Aravaca;097;Aravaca;27.503;12.899;14.604
1 de enero de 2020;28079;Madrid;10; Latina;101;LosCármenes;17.736;8.390;9.346
1 de enero de 2020;28079;Madrid;10; Latina;102;PuertadelÁngel;42.362;19.529;22.833
1 de enero de 2020;28079;Madrid;10; Latina;103;Lucero;36.783;17.091;19.692
1 de enero de 2020;28079;Madrid;10; Latina;104;Aluche;67.418;30.925;36.493
1 de enero de 2020;28079;Madrid;10; Latina;105;Campamento;19.848;9.216;10.632
1 de enero de 2020;28079;Madrid;10; Latina;106;CuatroVientos;5.881;2.958;2.923
1 de enero de 2020;28079;Madrid;10; Latina;107;Águilas;52.111;24.173;27.938
1 de enero de 2020;28079;Madrid;11; Carabanchel;111;Comillas;23.001;10.566;12.435
1 de enero de 2020;28079;Madrid;11; Carabanchel;112;Opañel;33.681;15.389;18.292
1 de enero de 2020;28079;Madrid;11; Carabanchel;113;SanIsidro;40.023;18.710;21.313
1 de enero de 2020;28079;Madrid;11; Carabanchel;114;VistaAlegre;47.602;21.731;25.871
1 de enero de 2020;28079;Madrid;11; Carabanchel;115;PuertaBonita;35.932;16.822;19.110
1 de enero de 2020;28079;Madrid;11; Carabanchel;116;Buenavista;48.010;23.198;24.812
1 de enero de 2020;28079;Madrid;11; Carabanchel;117;Abrantes;31.947;14.901;17.046
1 de enero de 2020;28079;Madrid;12; Usera;121;Orcasitas;23.173;10.898;12.275
1 de enero de 2020;28079;Madrid;12; Usera;122;Orcasur;14.154;6.846;7.308
1 de enero de 2020;28079;Madrid;12; Usera;123;SanFermín;24.001;11.441;12.560
1 de enero de 2020;28079;Madrid;12; Usera;124;Almendrales;22.179;10.362;11.817
1 de enero de 2020;28079;Madrid;12; Usera;125;Moscardó;27.128;12.673;14.455
1 de enero de 2020;28079;Madrid;12; Usera;126;Zofío;14.412;6.773;7.639
1 de enero de 2020;28079;Madrid;12; Usera;127;Pradolongo;17.847;8.353;9.494
1 de enero de 2020;28079;Madrid;13; Puente de Vallecas;131;Entrevías;35.516;17.076;18.440
1 de enero de 2020;28079;Madrid;13; Puente de Vallecas;132;SanDiego;43.899;20.957;22.942
1 de enero de 2020;28079;Madrid;13; Puente de Vallecas;133;PalomerasBajas;40.910;19.205;21.705
1 de enero de 2020;28079;Madrid;13; Puente de Vallecas;134;PalomerasSureste;43.164;20.610;22.554
1 de enero de 2020;28079;Madrid;13; Puente de Vallecas;135;Portazgo;28.968;13.560;15.408
1 de enero de 2020;28079;Madrid;13; Puente de Vallecas;136;Numancia;48.410;22.827;25.583
1 de enero de 2020;28079;Madrid;14; Moratalaz;141;Pavones;9.355;4.274;5.081
1 de enero de 2020;28079;Madrid;14; Moratalaz;142;Horcajo;6.435;3.074;3.361
1 de enero de 2020;28079;Madrid;14; Moratalaz;143;Marroquina;27.232;12.595;14.637
1 de enero de 2020;28079;Madrid;14; Moratalaz;144;MediaLegua;17.951;8.185;9.766
1 de enero de 2020;28079;Madrid;14; Moratalaz;145;Fontarrón;17.519;7.935;9.584
1 de enero de 2020;28079;Madrid;14; Moratalaz;146;Vinateros;17.122;7.522;9.600
1 de enero de 2020;28079;Madrid;15; Ciudad Lineal;151;Ventas;48.891;21.942;26.949
1 de enero de 2020;28079;Madrid;15; Ciudad Lineal;152;PuebloNuevo;63.521;29.399;34.122
1 de enero de 2020;28079;Madrid;15; Ciudad Lineal;153;Quintana;25.151;11.120;14.031
1 de enero de 2020;28079;Madrid;15; Ciudad Lineal;154;Concepción;21.153;9.374;11.779
1 de enero de 2020;28079;Madrid;15; Ciudad Lineal;155;SanPascual;18.107;8.152;9.955
1 de enero de 2020;28079;Madrid;15; Ciudad Lineal;156;SanJuanBautista;12.725;5.923;6.802
1 de enero de 2020;28079;Madrid;15; Ciudad Lineal;157;Colina;6.519;2.938;3.581
1 de enero de 2020;28079;Madrid;15; Ciudad Lineal;158;Atalaya;1.555;667;888
1 de enero de 2020;28079;Madrid;15; Ciudad Lineal;159;Costillares;22.245;10.451;11.794
1 de enero de 2020;28079;Madrid;16; Hortaleza;161;Palomas;6.839;3.318;3.521
1 de enero de 2020;28079;Madrid;16; Hortaleza;162;Piovera;14.939;7.119;7.820
1 de enero de 2020;28079;Madrid;16; Hortaleza;163;Canillas;40.838;19.028;21.810
1 de enero de 2020;28079;Madrid;16; Hortaleza;164;PinardelRey;53.162;24.529;28.633
1 de enero de 2020;28079;Madrid;16; Hortaleza;165;ApóstolSantiago;15.555;7.365;8.190
1 de enero de 2020;28079;Madrid;16; Hortaleza;166;Valdefuentes;61.931;30.300;31.631
1 de enero de 2020;28079;Madrid;17; Villaverde;171;VillaverdeAlto,CascoHistóricodeVillaverde;46.749;22.228;24.521
1 de enero de 2020;28079;Madrid;17; Villaverde;172;SanCristóbal;16.898;8.222;8.676
1 de enero de 2020;28079;Madrid;17; Villaverde;173;Butarque;20.026;9.704;10.322
1 de enero de 2020;28079;Madrid;17; Villaverde;174;LosRosales;38.107;18.336;19.771
1 de enero de 2020;28079;Madrid;17; Villaverde;175;Ángeles;32.538;15.149;17.389
1 de enero de 2020;28079;Madrid;18; Villa de Vallecas;181;CascoHistóricodeVallecas;40.956;19.656;21.300
1 de enero de 2020;28079;Madrid;18; Villa de Vallecas;182;SantaEugenia;24.684;11.833;12.851
1 de enero de 2020;28079;Madrid;18; Villa de Vallecas;183;EnsanchedeVallecas;48.872;24.021;24.851
1 de enero de 2020;28079;Madrid;19; Vicálvaro;191;CascoHistóricodeVicálvaro;35.666;17.220;18.446
1 de enero de 2020;28079;Madrid;19; Vicálvaro;192;Valdebernardo;17.834;8.478;9.356
1 de enero de 2020;28079;Madrid;19; Vicálvaro;193;Valderrivas;18.150;8.867;9.283
1 de enero de 2020;28079;Madrid;19; Vicálvaro;194;ElCañaveral;2.398;1.230;1.168
1 de enero de 2020;28079;Madrid;20; San Blas-Canillejas;201;Simancas;28.698;13.574;15.124
1 de enero de 2020;28079;Madrid;20; San Blas-Canillejas;202;Hellín;9.342;4.260;5.082
1 de enero de 2020;28079;Madrid;20; San Blas-Canillejas;203;Amposta;8.874;4.108;4.766
1 de enero de 2020;28079;Madrid;20; San Blas-Canillejas;204;Arcos;24.692;11.612;13.080
1 de enero de 2020;28079;Madrid;20; San Blas-Canillejas;205;Rosas;31.794;15.253;16.541
1 de enero de 2020;28079;Madrid;20; San Blas-Canillejas;206;Rejas;17.299;8.395;8.904
1 de enero de 2020;28079;Madrid;20; San Blas-Canillejas;207;Canillejas;29.047;13.607;15.440
1 de enero de 2020;28079;Madrid;20; San Blas-Canillejas;208;ElSalvador;11.476;5.443;6.033
1 de enero de 2020;28079;Madrid;21; Barajas;211;AlamedadeOsuna;19.820;9.533;10.287
1 de enero de 2020;28079;Madrid;21; Barajas;212;Aeropuerto;1.900;975;925
1 de enero de 2020;28079;Madrid;21; Barajas;213;CascoHistóricodeBarajas;7.683;3.688;3.995
1 de enero de 2020;28079;Madrid;21; Barajas;214;Timón;12.853;6.151;6.702
1 de enero de 2020;28079;Madrid;21; Barajas;215;Corralejos;7.754;3.802;3.952
1 de enero de 2020;28079;Madrid;Todos;Todos;Todos;Todos;3.334.730;1.554.732;1.779.998
1 de enero de 2019;28079;Madrid;01; Centro;01;Centro;134.881;67.829;67.052
1 de enero de 2019;28079;Madrid;02; Arganzuela;02;Arganzuela;153.830;71.631;82.199
1 de enero de 2019;28079;Madrid;03; Retiro;03;Retiro;119.379;54.098;65.281
1 de enero de 2019;28079;Madrid;04; Salamanca;04;Salamanca;146.148;64.395;81.753
1 de enero de 2019;28079;Madrid;05; Chamartín;05;Chamartín;145.865;65.565;80.300
1 de enero de 2019;28079;Madrid;06; Tetuán;06;Tetuán;157.937;71.632;86.305
1 de enero de 2019;28079;Madrid;07; Chamberí;07;Chamberí;139.448;61.308;78.140
1 de enero de 2019;28079;Madrid;08; Fuencarral-El Pardo;08;Fuencarral-ElPardo;246.021;115.797;130.224
1 de enero de 2019;28079;Madrid;09; Moncloa-Aravaca;09;Moncloa-Aravaca;119.423;54.934;64.489
1 de enero de 2019;28079;Madrid;10; Latina;10;Latina;238.154;110.401;127.753
1 de enero de 2019;28079;Madrid;11; Carabanchel;11;Carabanchel;253.040;117.802;135.238
1 de enero de 2019;28079;Madrid;12; Usera;12;Usera;139.501;65.781;73.720
1 de enero de 2019;28079;Madrid;13; Puente de Vallecas;13;PuentedeVallecas;234.770;111.183;123.587
1 de enero de 2019;28079;Madrid;14; Moratalaz;14;Moratalaz;94.609;43.209;51.400
1 de enero de 2019;28079;Madrid;15; Ciudad Lineal;15;CiudadLineal;216.270;98.370;117.900
1 de enero de 2019;28079;Madrid;16; Hortaleza;16;Hortaleza;188.267;89.307;98.960
1 de enero de 2019;28079;Madrid;17; Villaverde;17;Villaverde;148.883;71.017;77.866
1 de enero de 2019;28079;Madrid;18; Villa de Vallecas;18;VilladeVallecas;110.436;53.675;56.761
1 de enero de 2019;28079;Madrid;19; Vicálvaro;19;Vicálvaro;72.126;34.848;37.278
1 de enero de 2019;28079;Madrid;20; San Blas-Canillejas;20;SanBlas-Canillejas;158.166;74.743;83.423
1 de enero de 2019;28079;Madrid;21; Barajas;21;Barajas;48.972;23.653;25.319
1 de enero de 2019;28079;Madrid;01; Centro;011;Palacio;22.923;11.213;11.710
1 de enero de 2019;28079;Madrid;01; Centro;012;Embajadores;45.259;23.390;21.869
1 de enero de 2019;28079;Madrid;01; Centro;013;Cortes;10.484;5.235;5.249
1 de enero de 2019;28079;Madrid;01; Centro;014;Justicia;17.153;8.675;8.478
1 de enero de 2019;28079;Madrid;01; Centro;015;Universidad;31.725;15.567;16.158
1 de enero de 2019;28079;Madrid;01; Centro;016;Sol;7.337;3.749;3.588
1 de enero de 2019;28079;Madrid;02; Arganzuela;021;Imperial;22.766;10.543;12.223
1 de enero de 2019;28079;Madrid;02; Arganzuela;022;Acacias;36.785;16.943;19.842
1 de enero de 2019;28079;Madrid;02; Arganzuela;023;Chopera;19.993;9.064;10.929
1 de enero de 2019;28079;Madrid;02; Arganzuela;024;Legazpi;19.652;9.629;10.023
1 de enero de 2019;28079;Madrid;02; Arganzuela;025;Delicias;27.658;12.880;14.778
1 de enero de 2019;28079;Madrid;02; Arganzuela;026;PalosdeMoguer;25.801;11.999;13.802
1 de enero de 2019;28079;Madrid;02; Arganzuela;027;Atocha;1.175;573;602
1 de enero de 2019;28079;Madrid;03; Retiro;031;Pacífico;33.571;14.992;18.579
1 de enero de 2019;28079;Madrid;03; Retiro;032;Adelfas;18.474;8.532;9.942
1 de enero de 2019;28079;Madrid;03; Retiro;033;Estrella;23.306;10.798;12.508
1 de enero de 2019;28079;Madrid;03; Retiro;034;Ibiza;21.646;9.517;12.129
1 de enero de 2019;28079;Madrid;03; Retiro;035;LosJerónimos;7.039;3.285;3.754
1 de enero de 2019;28079;Madrid;03; Retiro;036;NiñoJesús;15.343;6.974;8.369
1 de enero de 2019;28079;Madrid;04; Salamanca;041;Recoletos;15.734;7.074;8.660
1 de enero de 2019;28079;Madrid;04; Salamanca;042;Goya;29.649;12.836;16.813
1 de enero de 2019;28079;Madrid;04; Salamanca;043;FuentedelBerro;21.071;9.197;11.874
1 de enero de 2019;28079;Madrid;04; Salamanca;044;Guindalera;41.609;18.809;22.800
1 de enero de 2019;28079;Madrid;04; Salamanca;045;Lista;20.961;9.040;11.921
1 de enero de 2019;28079;Madrid;04; Salamanca;046;Castellana;17.124;7.439;9.685
1 de enero de 2019;28079;Madrid;05; Chamartín;051;ElViso;17.302;7.783;9.519
1 de enero de 2019;28079;Madrid;05; Chamartín;052;Prosperidad;36.651;16.374;20.277
1 de enero de 2019;28079;Madrid;05; Chamartín;053;CiudadJardín;18.642;8.233;10.409
1 de enero de 2019;28079;Madrid;05; Chamartín;054;Hispanoamérica;31.733;14.218;17.515
1 de enero de 2019;28079;Madrid;05; Chamartín;055;NuevaEspaña;24.657;11.166;13.491
1 de enero de 2019;28079;Madrid;05; Chamartín;056;Castilla;16.880;7.791;9.089
1 de enero de 2019;28079;Madrid;06; Tetuán;061;BellasVistas;29.146;13.292;15.854
1 de enero de 2019;28079;Madrid;06; Tetuán;062;CuatroCaminos;34.608;15.580;19.028
1 de enero de 2019;28079;Madrid;06; Tetuán;063;Castillejos;20.513;9.201;11.312
1 de enero de 2019;28079;Madrid;06; Tetuán;064;Almenara;22.642;10.314;12.328
1 de enero de 2019;28079;Madrid;06; Tetuán;065;Valdeacederas;26.021;12.082;13.939
1 de enero de 2019;28079;Madrid;06; Tetuán;066;Berruguete;25.007;11.163;13.844
1 de enero de 2019;28079;Madrid;07; Chamberí;071;Gaztambide;22.891;10.062;12.829
1 de enero de 2019;28079;Madrid;07; Chamberí;072;Arapiles;24.455;10.888;13.567
1 de enero de 2019;28079;Madrid;07; Chamberí;073;Trafalgar;24.696;10.958;13.738
1 de enero de 2019;28079;Madrid;07; Chamberí;074;Almagro;19.807;8.726;11.081
1 de enero de 2019;28079;Madrid;07; Chamberí;075;RíosRosas;27.382;11.982;15.400
1 de enero de 2019;28079;Madrid;07; Chamberí;076;Vallehermoso;20.217;8.692;11.525
1 de enero de 2019;28079;Madrid;08; Fuencarral-El Pardo;081;ElPardo;3.454;1.704;1.750
1 de enero de 2019;28079;Madrid;08; Fuencarral-El Pardo;082;Fuentelarreina;3.265;1.481;1.784
1 de enero de 2019;28079;Madrid;08; Fuencarral-El Pardo;083;Peñagrande;44.508;20.743;23.765
1 de enero de 2019;28079;Madrid;08; Fuencarral-El Pardo;084;Pilar;46.419;21.206;25.213
1 de enero de 2019;28079;Madrid;08; Fuencarral-El Pardo;085;LaPaz;33.765;15.800;17.965
1 de enero de 2019;28079;Madrid;08; Fuencarral-El Pardo;086;Valverde;63.201;30.031;33.170
1 de enero de 2019;28079;Madrid;08; Fuencarral-El Pardo;087;Mirasierra;32.898;15.704;17.194
1 de enero de 2019;28079;Madrid;08; Fuencarral-El Pardo;088;ElGoloso;18.511;9.128;9.383
1 de enero de 2019;28079;Madrid;09; Moncloa-Aravaca;091;CasadeCampo;12.991;5.963;7.028
1 de enero de 2019;28079;Madrid;09; Moncloa-Aravaca;092;Argüelles;24.093;10.907;13.186
1 de enero de 2019;28079;Madrid;09; Moncloa-Aravaca;093;CiudadUniversitaria;16.260;7.398;8.862
1 de enero de 2019;28079;Madrid;09; Moncloa-Aravaca;094;Valdezarza;29.722;13.637;16.085
1 de enero de 2019;28079;Madrid;09; Moncloa-Aravaca;095;Valdemarín;6.726;3.109;3.617
1 de enero de 2019;28079;Madrid;09; Moncloa-Aravaca;096;ElPlantío;2.808;1.301;1.507
1 de enero de 2019;28079;Madrid;09; Moncloa-Aravaca;097;Aravaca;26.823;12.619;14.204
1 de enero de 2019;28079;Madrid;10; Latina;101;LosCármenes;17.397;8.183;9.214
1 de enero de 2019;28079;Madrid;10; Latina;102;PuertadelÁngel;41.730;19.189;22.541
1 de enero de 2019;28079;Madrid;10; Latina;103;Lucero;36.090;16.771;19.319
1 de enero de 2019;28079;Madrid;10; Latina;104;Aluche;66.351;30.451;35.900
1 de enero de 2019;28079;Madrid;10; Latina;105;Campamento;19.281;8.981;10.300
1 de enero de 2019;28079;Madrid;10; Latina;106;CuatroVientos;5.748;2.909;2.839
1 de enero de 2019;28079;Madrid;10; Latina;107;Águilas;51.557;23.917;27.640
1 de enero de 2019;28079;Madrid;11; Carabanchel;111;Comillas;22.403;10.230;12.173
1 de enero de 2019;28079;Madrid;11; Carabanchel;112;Opañel;33.051;15.125;17.926
1 de enero de 2019;28079;Madrid;11; Carabanchel;113;SanIsidro;38.957;18.196;20.761
1 de enero de 2019;28079;Madrid;11; Carabanchel;114;VistaAlegre;45.975;20.896;25.079
1 de enero de 2019;28079;Madrid;11; Carabanchel;115;PuertaBonita;34.860;16.318;18.542
1 de enero de 2019;28079;Madrid;11; Carabanchel;116;Buenavista;47.055;22.737;24.318
1 de enero de 2019;28079;Madrid;11; Carabanchel;117;Abrantes;30.739;14.300;16.439
1 de enero de 2019;28079;Madrid;12; Usera;121;Orcasitas;22.837;10.765;12.072
1 de enero de 2019;28079;Madrid;12; Usera;122;Orcasur;13.808;6.697;7.111
1 de enero de 2019;28079;Madrid;12; Usera;123;SanFermín;23.666;11.310;12.356
1 de enero de 2019;28079;Madrid;12; Usera;124;Almendrales;21.439;10.043;11.396
1 de enero de 2019;28079;Madrid;12; Usera;125;Moscardó;26.353;12.300;14.053
1 de enero de 2019;28079;Madrid;12; Usera;126;Zofío;13.968;6.509;7.459
1 de enero de 2019;28079;Madrid;12; Usera;127;Pradolongo;17.430;8.157;9.273
1 de enero de 2019;28079;Madrid;13; Puente de Vallecas;131;Entrevías;34.698;16.677;18.021
1 de enero de 2019;28079;Madrid;13; Puente de Vallecas;132;SanDiego;41.664;19.833;21.831
1 de enero de 2019;28079;Madrid;13; Puente de Vallecas;133;PalomerasBajas;40.166;18.886;21.280
1 de enero de 2019;28079;Madrid;13; Puente de Vallecas;134;PalomerasSureste;42.594;20.253;22.341
1 de enero de 2019;28079;Madrid;13; Puente de Vallecas;135;Portazgo;28.350;13.234;15.116
1 de enero de 2019;28079;Madrid;13; Puente de Vallecas;136;Numancia;47.298;22.300;24.998
1 de enero de 2019;28079;Madrid;14; Moratalaz;141;Pavones;9.137;4.185;4.952
1 de enero de 2019;28079;Madrid;14; Moratalaz;142;Horcajo;6.334;3.030;3.304
1 de enero de 2019;28079;Madrid;14; Moratalaz;143;Marroquina;27.260;12.646;14.614
1 de enero de 2019;28079;Madrid;14; Moratalaz;144;MediaLegua;17.871;8.166;9.705
1 de enero de 2019;28079;Madrid;14; Moratalaz;145;Fontarrón;17.139;7.779;9.360
1 de enero de 2019;28079;Madrid;14; Moratalaz;146;Vinateros;16.868;7.403;9.465
1 de enero de 2019;28079;Madrid;15; Ciudad Lineal;151;Ventas;48.099;21.619;26.480
1 de enero de 2019;28079;Madrid;15; Ciudad Lineal;152;PuebloNuevo;62.111;28.830;33.281
1 de enero de 2019;28079;Madrid;15; Ciudad Lineal;153;Quintana;24.622;10.882;13.740
1 de enero de 2019;28079;Madrid;15; Ciudad Lineal;154;Concepción;20.856;9.245;11.611
1 de enero de 2019;28079;Madrid;15; Ciudad Lineal;155;SanPascual;18.130;8.154;9.976
1 de enero de 2019;28079;Madrid;15; Ciudad Lineal;156;SanJuanBautista;12.487;5.810;6.677
1 de enero de 2019;28079;Madrid;15; Ciudad Lineal;157;Colina;6.387;2.864;3.523
1 de enero de 2019;28079;Madrid;15; Ciudad Lineal;158;Atalaya;1.568;654;914
1 de enero de 2019;28079;Madrid;15; Ciudad Lineal;159;Costillares;22.010;10.312;11.698
1 de enero de 2019;28079;Madrid;16; Hortaleza;161;Palomas;6.790;3.318;3.472
1 de enero de 2019;28079;Madrid;16; Hortaleza;162;Piovera;14.911;7.155;7.756
1 de enero de 2019;28079;Madrid;16; Hortaleza;163;Canillas;40.578;18.919;21.659
1 de enero de 2019;28079;Madrid;16; Hortaleza;164;PinardelRey;52.691;24.277;28.414
1 de enero de 2019;28079;Madrid;16; Hortaleza;165;ApóstolSantiago;15.418;7.290;8.128
1 de enero de 2019;28079;Madrid;16; Hortaleza;166;Valdefuentes;57.879;28.348;29.531
1 de enero de 2019;28079;Madrid;17; Villaverde;171;VillaverdeAlto,CascoHistóricodeVillaverde;45.204;21.488;23.716
1 de enero de 2019;28079;Madrid;17; Villaverde;172;SanCristóbal;16.052;7.834;8.218
1 de enero de 2019;28079;Madrid;17; Villaverde;173;Butarque;18.870;9.110;9.760
1 de enero de 2019;28079;Madrid;17; Villaverde;174;LosRosales;37.587;18.071;19.516
1 de enero de 2019;28079;Madrid;17; Villaverde;175;Ángeles;31.170;14.514;16.656
1 de enero de 2019;28079;Madrid;18; Villa de Vallecas;181;CascoHistóricodeVallecas;40.280;19.417;20.863
1 de enero de 2019;28079;Madrid;18; Villa de Vallecas;182;SantaEugenia;24.328;11.692;12.636
1 de enero de 2019;28079;Madrid;18; Villa de Vallecas;183;EnsanchedeVallecas;45.828;22.566;23.262
1 de enero de 2019;28079;Madrid;19; Vicálvaro;191;CascoHistóricodeVicálvaro;34.816;16.781;18.035
1 de enero de 2019;28079;Madrid;19; Vicálvaro;192;Valdebernardo;17.638;8.388;9.250
1 de enero de 2019;28079;Madrid;19; Vicálvaro;193;Valderrivas;18.142;8.894;9.248
1 de enero de 2019;28079;Madrid;19; Vicálvaro;194;ElCañaveral;1.530;785;745
1 de enero de 2019;28079;Madrid;20; San Blas-Canillejas;201;Simancas;27.918;13.142;14.776
1 de enero de 2019;28079;Madrid;20; San Blas-Canillejas;202;Hellín;9.157;4.181;4.976
1 de enero de 2019;28079;Madrid;20; San Blas-Canillejas;203;Amposta;8.575;3.968;4.607
1 de enero de 2019;28079;Madrid;20; San Blas-Canillejas;204;Arcos;24.211;11.327;12.884
1 de enero de 2019;28079;Madrid;20; San Blas-Canillejas;205;Rosas;31.677;15.213;16.464
1 de enero de 2019;28079;Madrid;20; San Blas-Canillejas;206;Rejas;16.693;8.142;8.551
1 de enero de 2019;28079;Madrid;20; San Blas-Canillejas;207;Canillejas;28.584;13.404;15.180
1 de enero de 2019;28079;Madrid;20; San Blas-Canillejas;208;ElSalvador;11.351;5.366;5.985
1 de enero de 2019;28079;Madrid;21; Barajas;211;AlamedadeOsuna;19.526;9.391;10.135
1 de enero de 2019;28079;Madrid;21; Barajas;212;Aeropuerto;1.851;952;899
1 de enero de 2019;28079;Madrid;21; Barajas;213;CascoHistóricodeBarajas;7.565;3.648;3.917
1 de enero de 2019;28079;Madrid;21; Barajas;214;Timón;12.388;5.916;6.472
1 de enero de 2019;28079;Madrid;21; Barajas;215;Corralejos;7.642;3.746;3.896
1 de enero de 2019;28079;Madrid;Todos;Todos;Todos;Todos;3.266.126;1.521.178;1.744.948
1 de enero de 2018;28079;Madrid;01; Centro;01;Centro;132.352;66.320;66.032
1 de enero de 2018;28079;Madrid;02; Arganzuela;02;Arganzuela;152.907;71.039;81.868
1 de enero de 2018;28079;Madrid;03; Retiro;03;Retiro;119.011;53.863;65.148
1 de enero de 2018;28079;Madrid;04; Salamanca;04;Salamanca;145.268;63.940;81.328
1 de enero de 2018;28079;Madrid;05; Chamartín;05;Chamartín;144.894;65.144;79.750
1 de enero de 2018;28079;Madrid;06; Tetuán;06;Tetuán;155.967;70.725;85.242
1 de enero de 2018;28079;Madrid;07; Chamberí;07;Chamberí;138.418;60.825;77.593
1 de enero de 2018;28079;Madrid;08; Fuencarral-El Pardo;08;Fuencarral-ElPardo;242.928;114.433;128.495
1 de enero de 2018;28079;Madrid;09; Moncloa-Aravaca;09;Moncloa-Aravaca;117.835;54.243;63.592
1 de enero de 2018;28079;Madrid;10; Latina;10;Latina;235.785;109.392;126.393
1 de enero de 2018;28079;Madrid;11; Carabanchel;11;Carabanchel;248.220;115.525;132.695
1 de enero de 2018;28079;Madrid;12; Usera;12;Usera;136.978;64.582;72.396
1 de enero de 2018;28079;Madrid;13; Puente de Vallecas;13;PuentedeVallecas;230.488;109.044;121.444
1 de enero de 2018;28079;Madrid;14; Moratalaz;14;Moratalaz;94.261;43.203;51.058
1 de enero de 2018;28079;Madrid;15; Ciudad Lineal;15;CiudadLineal;214.463;97.301;117.162
1 de enero de 2018;28079;Madrid;16; Hortaleza;16;Hortaleza;183.930;87.338;96.592
1 de enero de 2018;28079;Madrid;17; Villaverde;17;Villaverde;145.523;69.552;75.971
1 de enero de 2018;28079;Madrid;18; Villa de Vallecas;18;VilladeVallecas;107.649;52.352;55.297
1 de enero de 2018;28079;Madrid;19; Vicálvaro;19;Vicálvaro;70.962;34.461;36.501
1 de enero de 2018;28079;Madrid;20; San Blas-Canillejas;20;SanBlas-Canillejas;156.149;73.922;82.227
1 de enero de 2018;28079;Madrid;21; Barajas;21;Barajas;47.836;23.136;24.700
1 de enero de 2018;28079;Madrid;01; Centro;011;Palacio;22.515;10.978;11.537
1 de enero de 2018;28079;Madrid;01; Centro;012;Embajadores;44.630;23.031;21.599
1 de enero de 2018;28079;Madrid;01; Centro;013;Cortes;10.531;5.265;5.266
1 de enero de 2018;28079;Madrid;01; Centro;014;Justicia;16.578;8.334;8.244
1 de enero de 2018;28079;Madrid;01; Centro;015;Universidad;30.897;15.040;15.857
1 de enero de 2018;28079;Madrid;01; Centro;016;Sol;7.201;3.672;3.529
1 de enero de 2018;28079;Madrid;02; Arganzuela;021;Imperial;22.719;10.531;12.188
1 de enero de 2018;28079;Madrid;02; Arganzuela;022;Acacias;36.751;16.926;19.825
1 de enero de 2018;28079;Madrid;02; Arganzuela;023;Chopera;19.799;8.919;10.880
1 de enero de 2018;28079;Madrid;02; Arganzuela;024;Legazpi;19.252;9.446;9.806
1 de enero de 2018;28079;Madrid;02; Arganzuela;025;Delicias;27.473;12.736;14.737
1 de enero de 2018;28079;Madrid;02; Arganzuela;026;PalosdeMoguer;25.748;11.919;13.829
1 de enero de 2018;28079;Madrid;02; Arganzuela;027;Atocha;1.165;562;603
1 de enero de 2018;28079;Madrid;03; Retiro;031;Pacífico;33.601;15.000;18.601
1 de enero de 2018;28079;Madrid;03; Retiro;032;Adelfas;18.345;8.427;9.918
1 de enero de 2018;28079;Madrid;03; Retiro;033;Estrella;23.238;10.796;12.442
1 de enero de 2018;28079;Madrid;03; Retiro;034;Ibiza;21.472;9.384;12.088
1 de enero de 2018;28079;Madrid;03; Retiro;035;LosJerónimos;7.075;3.315;3.760
1 de enero de 2018;28079;Madrid;03; Retiro;036;NiñoJesús;15.280;6.941;8.339
1 de enero de 2018;28079;Madrid;04; Salamanca;041;Recoletos;15.756;7.091;8.665
1 de enero de 2018;28079;Madrid;04; Salamanca;042;Goya;29.604;12.812;16.792
1 de enero de 2018;28079;Madrid;04; Salamanca;043;FuentedelBerro;20.747;9.043;11.704
1 de enero de 2018;28079;Madrid;04; Salamanca;044;Guindalera;41.259;18.570;22.689
1 de enero de 2018;28079;Madrid;04; Salamanca;045;Lista;20.956;9.023;11.933
1 de enero de 2018;28079;Madrid;04; Salamanca;046;Castellana;16.946;7.401;9.545
1 de enero de 2018;28079;Madrid;05; Chamartín;051;ElViso;17.145;7.764;9.381
1 de enero de 2018;28079;Madrid;05; Chamartín;052;Prosperidad;36.522;16.302;20.220
1 de enero de 2018;28079;Madrid;05; Chamartín;053;CiudadJardín;18.487;8.146;10.341
1 de enero de 2018;28079;Madrid;05; Chamartín;054;Hispanoamérica;31.373;14.006;17.367
1 de enero de 2018;28079;Madrid;05; Chamartín;055;NuevaEspaña;24.496;11.124;13.372
1 de enero de 2018;28079;Madrid;05; Chamartín;056;Castilla;16.871;7.802;9.069
1 de enero de 2018;28079;Madrid;06; Tetuán;061;BellasVistas;28.750;13.056;15.694
1 de enero de 2018;28079;Madrid;06; Tetuán;062;CuatroCaminos;34.254;15.458;18.796
1 de enero de 2018;28079;Madrid;06; Tetuán;063;Castillejos;20.363;9.209;11.154
1 de enero de 2018;28079;Madrid;06; Tetuán;064;Almenara;22.421;10.209;12.212
1 de enero de 2018;28079;Madrid;06; Tetuán;065;Valdeacederas;25.571;11.835;13.736
1 de enero de 2018;28079;Madrid;06; Tetuán;066;Berruguete;24.608;10.958;13.650
1 de enero de 2018;28079;Madrid;07; Chamberí;071;Gaztambide;22.666;9.929;12.737
1 de enero de 2018;28079;Madrid;07; Chamberí;072;Arapiles;24.335;10.792;13.543
1 de enero de 2018;28079;Madrid;07; Chamberí;073;Trafalgar;24.523;10.922;13.601
1 de enero de 2018;28079;Madrid;07; Chamberí;074;Almagro;19.799;8.737;11.062
1 de enero de 2018;28079;Madrid;07; Chamberí;075;RíosRosas;27.049;11.820;15.229
1 de enero de 2018;28079;Madrid;07; Chamberí;076;Vallehermoso;20.046;8.625;11.421
1 de enero de 2018;28079;Madrid;08; Fuencarral-El Pardo;081;ElPardo;3.456;1.689;1.767
1 de enero de 2018;28079;Madrid;08; Fuencarral-El Pardo;082;Fuentelarreina;3.234;1.437;1.797
1 de enero de 2018;28079;Madrid;08; Fuencarral-El Pardo;083;Peñagrande;44.412;20.719;23.693
1 de enero de 2018;28079;Madrid;08; Fuencarral-El Pardo;084;Pilar;46.094;21.107;24.987
1 de enero de 2018;28079;Madrid;08; Fuencarral-El Pardo;085;LaPaz;33.783;15.826;17.957
1 de enero de 2018;28079;Madrid;08; Fuencarral-El Pardo;086;Valverde;61.941;29.476;32.465
1 de enero de 2018;28079;Madrid;08; Fuencarral-El Pardo;087;Mirasierra;32.058;15.329;16.729
1 de enero de 2018;28079;Madrid;08; Fuencarral-El Pardo;088;ElGoloso;17.950;8.850;9.100
1 de enero de 2018;28079;Madrid;09; Moncloa-Aravaca;091;CasadeCampo;12.900;5.935;6.965
1 de enero de 2018;28079;Madrid;09; Moncloa-Aravaca;092;Argüelles;23.992;10.890;13.102
1 de enero de 2018;28079;Madrid;09; Moncloa-Aravaca;093;CiudadUniversitaria;16.097;7.314;8.783
1 de enero de 2018;28079;Madrid;09; Moncloa-Aravaca;094;Valdezarza;29.418;13.458;15.960
1 de enero de 2018;28079;Madrid;09; Moncloa-Aravaca;095;Valdemarín;6.560;3.018;3.542
1 de enero de 2018;28079;Madrid;09; Moncloa-Aravaca;096;ElPlantío;2.720;1.287;1.433
1 de enero de 2018;28079;Madrid;09; Moncloa-Aravaca;097;Aravaca;26.148;12.341;13.807
1 de enero de 2018;28079;Madrid;10; Latina;101;LosCármenes;17.192;8.102;9.090
1 de enero de 2018;28079;Madrid;10; Latina;102;PuertadelÁngel;41.397;19.061;22.336
1 de enero de 2018;28079;Madrid;10; Latina;103;Lucero;35.488;16.491;18.997
1 de enero de 2018;28079;Madrid;10; Latina;104;Aluche;65.961;30.254;35.707
1 de enero de 2018;28079;Madrid;10; Latina;105;Campamento;18.983;8.828;10.155
1 de enero de 2018;28079;Madrid;10; Latina;106;CuatroVientos;5.662;2.870;2.792
1 de enero de 2018;28079;Madrid;10; Latina;107;Águilas;51.102;23.786;27.316
1 de enero de 2018;28079;Madrid;11; Carabanchel;111;Comillas;22.248;10.164;12.084
1 de enero de 2018;28079;Madrid;11; Carabanchel;112;Opañel;32.492;14.796;17.696
1 de enero de 2018;28079;Madrid;11; Carabanchel;113;SanIsidro;38.554;17.967;20.587
1 de enero de 2018;28079;Madrid;11; Carabanchel;114;VistaAlegre;45.008;20.480;24.528
1 de enero de 2018;28079;Madrid;11; Carabanchel;115;PuertaBonita;33.933;15.942;17.991
1 de enero de 2018;28079;Madrid;11; Carabanchel;116;Buenavista;46.216;22.332;23.884
1 de enero de 2018;28079;Madrid;11; Carabanchel;117;Abrantes;29.769;13.844;15.925
1 de enero de 2018;28079;Madrid;12; Usera;121;Orcasitas;22.555;10.634;11.921
1 de enero de 2018;28079;Madrid;12; Usera;122;Orcasur;13.572;6.576;6.996
1 de enero de 2018;28079;Madrid;12; Usera;123;SanFermín;23.209;11.111;12.098
1 de enero de 2018;28079;Madrid;12; Usera;124;Almendrales;20.986;9.824;11.162
1 de enero de 2018;28079;Madrid;12; Usera;125;Moscardó;25.726;11.971;13.755
1 de enero de 2018;28079;Madrid;12; Usera;126;Zofío;13.697;6.371;7.326
1 de enero de 2018;28079;Madrid;12; Usera;127;Pradolongo;17.233;8.095;9.138
1 de enero de 2018;28079;Madrid;13; Puente de Vallecas;131;Entrevías;33.986;16.314;17.672
1 de enero de 2018;28079;Madrid;13; Puente de Vallecas;132;SanDiego;40.267;19.037;21.230
1 de enero de 2018;28079;Madrid;13; Puente de Vallecas;133;PalomerasBajas;39.669;18.614;21.055
1 de enero de 2018;28079;Madrid;13; Puente de Vallecas;134;PalomerasSureste;42.120;20.115;22.005
1 de enero de 2018;28079;Madrid;13; Puente de Vallecas;135;Portazgo;27.908;13.033;14.875
1 de enero de 2018;28079;Madrid;13; Puente de Vallecas;136;Numancia;46.538;21.931;24.607
1 de enero de 2018;28079;Madrid;14; Moratalaz;141;Pavones;9.081;4.174;4.907
1 de enero de 2018;28079;Madrid;14; Moratalaz;142;Horcajo;6.326;3.031;3.295
1 de enero de 2018;28079;Madrid;14; Moratalaz;143;Marroquina;27.378;12.742;14.636
1 de enero de 2018;28079;Madrid;14; Moratalaz;144;MediaLegua;17.757;8.090;9.667
1 de enero de 2018;28079;Madrid;14; Moratalaz;145;Fontarrón;16.902;7.730;9.172
1 de enero de 2018;28079;Madrid;14; Moratalaz;146;Vinateros;16.817;7.436;9.381
1 de enero de 2018;28079;Madrid;15; Ciudad Lineal;151;Ventas;47.744;21.405;26.339
1 de enero de 2018;28079;Madrid;15; Ciudad Lineal;152;PuebloNuevo;61.160;28.300;32.860
1 de enero de 2018;28079;Madrid;15; Ciudad Lineal;153;Quintana;24.373;10.743;13.630
1 de enero de 2018;28079;Madrid;15; Ciudad Lineal;154;Concepción;20.803;9.181;11.622
1 de enero de 2018;28079;Madrid;15; Ciudad Lineal;155;SanPascual;18.068;8.100;9.968
1 de enero de 2018;28079;Madrid;15; Ciudad Lineal;156;SanJuanBautista;12.433;5.782;6.651
1 de enero de 2018;28079;Madrid;15; Ciudad Lineal;157;Colina;6.288;2.835;3.453
1 de enero de 2018;28079;Madrid;15; Ciudad Lineal;158;Atalaya;1.575;656;919
1 de enero de 2018;28079;Madrid;15; Ciudad Lineal;159;Costillares;22.019;10.299;11.720
1 de enero de 2018;28079;Madrid;16; Hortaleza;161;Palomas;6.738;3.292;3.446
1 de enero de 2018;28079;Madrid;16; Hortaleza;162;Piovera;14.723;7.042;7.681
1 de enero de 2018;28079;Madrid;16; Hortaleza;163;Canillas;40.627;18.933;21.694
1 de enero de 2018;28079;Madrid;16; Hortaleza;164;PinardelRey;52.274;24.119;28.155
1 de enero de 2018;28079;Madrid;16; Hortaleza;165;ApóstolSantiago;15.271;7.250;8.021
1 de enero de 2018;28079;Madrid;16; Hortaleza;166;Valdefuentes;54.297;26.702;27.595
1 de enero de 2018;28079;Madrid;17; Villaverde;171;VillaverdeAlto,CascoHistóricodeVillaverde;44.299;21.139;23.160
1 de enero de 2018;28079;Madrid;17; Villaverde;172;SanCristóbal;15.498;7.527;7.971
1 de enero de 2018;28079;Madrid;17; Villaverde;173;Butarque;18.268;8.859;9.409
1 de enero de 2018;28079;Madrid;17; Villaverde;174;LosRosales;36.975;17.874;19.101
1 de enero de 2018;28079;Madrid;17; Villaverde;175;Ángeles;30.483;14.153;16.330
1 de enero de 2018;28079;Madrid;18; Villa de Vallecas;181;CascoHistóricodeVallecas;39.740;19.128;20.612
1 de enero de 2018;28079;Madrid;18; Villa de Vallecas;182;SantaEugenia;24.295;11.672;12.623
1 de enero de 2018;28079;Madrid;18; Villa de Vallecas;183;EnsanchedeVallecas;43.614;21.552;22.062
1 de enero de 2018;28079;Madrid;19; Vicálvaro;191;CascoHistóricodeVicálvaro;34.200;16.585;17.615
1 de enero de 2018;28079;Madrid;19; Vicálvaro;192;Valdebernardo;17.637;8.434;9.203
1 de enero de 2018;28079;Madrid;19; Vicálvaro;193;Valderrivas;18.180;8.952;9.228
1 de enero de 2018;28079;Madrid;19; Vicálvaro;194;ElCañaveral;945;490;455
1 de enero de 2018;28079;Madrid;20; San Blas-Canillejas;201;Simancas;27.242;12.851;14.391
1 de enero de 2018;28079;Madrid;20; San Blas-Canillejas;202;Hellín;8.941;4.093;4.848
1 de enero de 2018;28079;Madrid;20; San Blas-Canillejas;203;Amposta;8.346;3.851;4.495
1 de enero de 2018;28079;Madrid;20; San Blas-Canillejas;204;Arcos;23.939;11.203;12.736
1 de enero de 2018;28079;Madrid;20; San Blas-Canillejas;205;Rosas;31.560;15.197;16.363
1 de enero de 2018;28079;Madrid;20; San Blas-Canillejas;206;Rejas;16.315;8.008;8.307
1 de enero de 2018;28079;Madrid;20; San Blas-Canillejas;207;Canillejas;28.519;13.371;15.148
1 de enero de 2018;28079;Madrid;20; San Blas-Canillejas;208;ElSalvador;11.287;5.348;5.939
1 de enero de 2018;28079;Madrid;21; Barajas;211;AlamedadeOsuna;19.446;9.356;10.090
1 de enero de 2018;28079;Madrid;21; Barajas;212;Aeropuerto;1.794;922;872
1 de enero de 2018;28079;Madrid;21; Barajas;213;CascoHistóricodeBarajas;7.336;3.550;3.786
1 de enero de 2018;28079;Madrid;21; Barajas;214;Timón;11.750;5.651;6.099
1 de enero de 2018;28079;Madrid;21; Barajas;215;Corralejos;7.510;3.657;3.853
1 de enero de 2018;28079;Madrid;Todos;Todos;Todos;Todos;3.221.824;1.500.340;1.721.484
