Nacionalidad;Sexo;Total Nacional;Comunidades y Ciudades Autónomas;Año;Total
EUROPA;Hombres;Total Nacional;01 Andalucía;2022;163.279
EUROPA;Hombres;Total Nacional;01 Andalucía;2021;157.404
EUROPA;Hombres;Total Nacional;01 Andalucía;2020;155.569
EUROPA;Hombres;Total Nacional;01 Andalucía;2019;150.933
EUROPA;Hombres;Total Nacional;01 Andalucía;2018;147.234
EUROPA;Hombres;Total Nacional;02 Aragón;2022;33.831
EUROPA;Hombres;Total Nacional;02 Aragón;2021;34.140
EUROPA;Hombres;Total Nacional;02 Aragón;2020;34.980
EUROPA;Hombres;Total Nacional;02 Aragón;2019;33.962
EUROPA;Hombres;Total Nacional;02 Aragón;2018;31.880
EUROPA;Hombres;Total Nacional;03 Asturias, Principado de;2022;7.673
EUROPA;Hombres;Total Nacional;03 Asturias, Principado de;2021;7.972
EUROPA;Hombres;Total Nacional;03 Asturias, Principado de;2020;8.123
EUROPA;Hombres;Total Nacional;03 Asturias, Principado de;2019;8.066
EUROPA;Hombres;Total Nacional;03 Asturias, Principado de;2018;8.200
EUROPA;Hombres;Total Nacional;04 Balears, Illes;2022;52.457
EUROPA;Hombres;Total Nacional;04 Balears, Illes;2021;51.136
EUROPA;Hombres;Total Nacional;04 Balears, Illes;2020;50.974
EUROPA;Hombres;Total Nacional;04 Balears, Illes;2019;49.139
EUROPA;Hombres;Total Nacional;04 Balears, Illes;2018;47.748
EUROPA;Hombres;Total Nacional;05 Canarias;2022;82.594
EUROPA;Hombres;Total Nacional;05 Canarias;2021;81.445
EUROPA;Hombres;Total Nacional;05 Canarias;2020;82.297
EUROPA;Hombres;Total Nacional;05 Canarias;2019;80.561
EUROPA;Hombres;Total Nacional;05 Canarias;2018;77.630
EUROPA;Hombres;Total Nacional;06 Cantabria;2022;7.452
EUROPA;Hombres;Total Nacional;06 Cantabria;2021;7.301
EUROPA;Hombres;Total Nacional;06 Cantabria;2020;7.238
EUROPA;Hombres;Total Nacional;06 Cantabria;2019;6.998
EUROPA;Hombres;Total Nacional;06 Cantabria;2018;6.812
EUROPA;Hombres;Total Nacional;07 Castilla y León;2022;31.262
EUROPA;Hombres;Total Nacional;07 Castilla y León;2021;31.631
EUROPA;Hombres;Total Nacional;07 Castilla y León;2020;31.943
EUROPA;Hombres;Total Nacional;07 Castilla y León;2019;31.703
EUROPA;Hombres;Total Nacional;07 Castilla y León;2018;31.878
EUROPA;Hombres;Total Nacional;08 Castilla - La Mancha;2022;40.650
EUROPA;Hombres;Total Nacional;08 Castilla - La Mancha;2021;41.324
EUROPA;Hombres;Total Nacional;08 Castilla - La Mancha;2020;42.107
EUROPA;Hombres;Total Nacional;08 Castilla - La Mancha;2019;41.796
EUROPA;Hombres;Total Nacional;08 Castilla - La Mancha;2018;42.593
EUROPA;Hombres;Total Nacional;09 Cataluña;2022;198.735
EUROPA;Hombres;Total Nacional;09 Cataluña;2021;191.586
EUROPA;Hombres;Total Nacional;09 Cataluña;2020;193.180
EUROPA;Hombres;Total Nacional;09 Cataluña;2019;182.871
EUROPA;Hombres;Total Nacional;09 Cataluña;2018;175.049
EUROPA;Hombres;Total Nacional;10 Comunitat Valenciana;2022;204.745
EUROPA;Hombres;Total Nacional;10 Comunitat Valenciana;2021;196.387
EUROPA;Hombres;Total Nacional;10 Comunitat Valenciana;2020;197.352
EUROPA;Hombres;Total Nacional;10 Comunitat Valenciana;2019;192.293
EUROPA;Hombres;Total Nacional;10 Comunitat Valenciana;2018;186.765
EUROPA;Hombres;Total Nacional;11 Extremadura;2022;7.254
EUROPA;Hombres;Total Nacional;11 Extremadura;2021;7.361
EUROPA;Hombres;Total Nacional;11 Extremadura;2020;7.489
EUROPA;Hombres;Total Nacional;11 Extremadura;2019;7.387
EUROPA;Hombres;Total Nacional;11 Extremadura;2018;7.449
EUROPA;Hombres;Total Nacional;12 Galicia;2022;20.253
EUROPA;Hombres;Total Nacional;12 Galicia;2021;20.419
EUROPA;Hombres;Total Nacional;12 Galicia;2020;20.640
EUROPA;Hombres;Total Nacional;12 Galicia;2019;19.914
EUROPA;Hombres;Total Nacional;12 Galicia;2018;19.735
EUROPA;Hombres;Total Nacional;13 Madrid, Comunidad de;2022;158.356
EUROPA;Hombres;Total Nacional;13 Madrid, Comunidad de;2021;159.497
EUROPA;Hombres;Total Nacional;13 Madrid, Comunidad de;2020;162.207
EUROPA;Hombres;Total Nacional;13 Madrid, Comunidad de;2019;158.461
EUROPA;Hombres;Total Nacional;13 Madrid, Comunidad de;2018;155.266
EUROPA;Hombres;Total Nacional;14 Murcia, Región de;2022;27.327
EUROPA;Hombres;Total Nacional;14 Murcia, Región de;2021;26.997
EUROPA;Hombres;Total Nacional;14 Murcia, Región de;2020;26.912
EUROPA;Hombres;Total Nacional;14 Murcia, Región de;2019;26.369
EUROPA;Hombres;Total Nacional;14 Murcia, Región de;2018;25.971
EUROPA;Hombres;Total Nacional;15 Navarra, Comunidad Foral de;2022;12.118
EUROPA;Hombres;Total Nacional;15 Navarra, Comunidad Foral de;2021;12.268
EUROPA;Hombres;Total Nacional;15 Navarra, Comunidad Foral de;2020;12.439
EUROPA;Hombres;Total Nacional;15 Navarra, Comunidad Foral de;2019;12.191
EUROPA;Hombres;Total Nacional;15 Navarra, Comunidad Foral de;2018;11.904
EUROPA;Hombres;Total Nacional;16 País Vasco;2022;22.323
EUROPA;Hombres;Total Nacional;16 País Vasco;2021;22.593
EUROPA;Hombres;Total Nacional;16 País Vasco;2020;22.534
EUROPA;Hombres;Total Nacional;16 País Vasco;2019;21.928
EUROPA;Hombres;Total Nacional;16 País Vasco;2018;21.055
EUROPA;Hombres;Total Nacional;17 Rioja, La;2022;8.753
EUROPA;Hombres;Total Nacional;17 Rioja, La;2021;8.775
EUROPA;Hombres;Total Nacional;17 Rioja, La;2020;8.859
EUROPA;Hombres;Total Nacional;17 Rioja, La;2019;8.556
EUROPA;Hombres;Total Nacional;17 Rioja, La;2018;8.367
EUROPA;Hombres;Total Nacional;18 Ceuta;2022;132
EUROPA;Hombres;Total Nacional;18 Ceuta;2021;152
EUROPA;Hombres;Total Nacional;18 Ceuta;2020;167
EUROPA;Hombres;Total Nacional;18 Ceuta;2019;171
EUROPA;Hombres;Total Nacional;18 Ceuta;2018;166
EUROPA;Hombres;Total Nacional;19 Melilla;2022;472
EUROPA;Hombres;Total Nacional;19 Melilla;2021;539
EUROPA;Hombres;Total Nacional;19 Melilla;2020;591
EUROPA;Hombres;Total Nacional;19 Melilla;2019;579
EUROPA;Hombres;Total Nacional;19 Melilla;2018;593
EUROPA;Mujeres;Total Nacional;01 Andalucía;2022;179.184
EUROPA;Mujeres;Total Nacional;01 Andalucía;2021;173.392
EUROPA;Mujeres;Total Nacional;01 Andalucía;2020;172.529
EUROPA;Mujeres;Total Nacional;01 Andalucía;2019;167.901
EUROPA;Mujeres;Total Nacional;01 Andalucía;2018;163.488
EUROPA;Mujeres;Total Nacional;02 Aragón;2022;34.951
EUROPA;Mujeres;Total Nacional;02 Aragón;2021;35.205
EUROPA;Mujeres;Total Nacional;02 Aragón;2020;36.130
EUROPA;Mujeres;Total Nacional;02 Aragón;2019;35.187
EUROPA;Mujeres;Total Nacional;02 Aragón;2018;32.973
EUROPA;Mujeres;Total Nacional;03 Asturias, Principado de;2022;8.478
EUROPA;Mujeres;Total Nacional;03 Asturias, Principado de;2021;8.796
EUROPA;Mujeres;Total Nacional;03 Asturias, Principado de;2020;9.029
EUROPA;Mujeres;Total Nacional;03 Asturias, Principado de;2019;9.057
EUROPA;Mujeres;Total Nacional;03 Asturias, Principado de;2018;9.170
EUROPA;Mujeres;Total Nacional;04 Balears, Illes;2022;56.493
EUROPA;Mujeres;Total Nacional;04 Balears, Illes;2021;54.754
EUROPA;Mujeres;Total Nacional;04 Balears, Illes;2020;54.768
EUROPA;Mujeres;Total Nacional;04 Balears, Illes;2019;52.949
EUROPA;Mujeres;Total Nacional;04 Balears, Illes;2018;51.587
EUROPA;Mujeres;Total Nacional;05 Canarias;2022;85.364
EUROPA;Mujeres;Total Nacional;05 Canarias;2021;83.821
EUROPA;Mujeres;Total Nacional;05 Canarias;2020;84.736
EUROPA;Mujeres;Total Nacional;05 Canarias;2019;82.682
EUROPA;Mujeres;Total Nacional;05 Canarias;2018;79.486
EUROPA;Mujeres;Total Nacional;06 Cantabria;2022;7.508
EUROPA;Mujeres;Total Nacional;06 Cantabria;2021;7.411
EUROPA;Mujeres;Total Nacional;06 Cantabria;2020;7.363
EUROPA;Mujeres;Total Nacional;06 Cantabria;2019;7.087
EUROPA;Mujeres;Total Nacional;06 Cantabria;2018;6.885
EUROPA;Mujeres;Total Nacional;07 Castilla y León;2022;30.833
EUROPA;Mujeres;Total Nacional;07 Castilla y León;2021;31.166
EUROPA;Mujeres;Total Nacional;07 Castilla y León;2020;31.251
EUROPA;Mujeres;Total Nacional;07 Castilla y León;2019;31.039
EUROPA;Mujeres;Total Nacional;07 Castilla y León;2018;31.017
EUROPA;Mujeres;Total Nacional;08 Castilla - La Mancha;2022;40.634
EUROPA;Mujeres;Total Nacional;08 Castilla - La Mancha;2021;40.995
EUROPA;Mujeres;Total Nacional;08 Castilla - La Mancha;2020;41.468
EUROPA;Mujeres;Total Nacional;08 Castilla - La Mancha;2019;41.342
EUROPA;Mujeres;Total Nacional;08 Castilla - La Mancha;2018;41.557
EUROPA;Mujeres;Total Nacional;09 Cataluña;2022;202.870
EUROPA;Mujeres;Total Nacional;09 Cataluña;2021;196.113
EUROPA;Mujeres;Total Nacional;09 Cataluña;2020;198.770
EUROPA;Mujeres;Total Nacional;09 Cataluña;2019;188.589
EUROPA;Mujeres;Total Nacional;09 Cataluña;2018;180.471
EUROPA;Mujeres;Total Nacional;10 Comunitat Valenciana;2022;214.889
EUROPA;Mujeres;Total Nacional;10 Comunitat Valenciana;2021;206.555
EUROPA;Mujeres;Total Nacional;10 Comunitat Valenciana;2020;207.738
EUROPA;Mujeres;Total Nacional;10 Comunitat Valenciana;2019;202.465
EUROPA;Mujeres;Total Nacional;10 Comunitat Valenciana;2018;196.800
EUROPA;Mujeres;Total Nacional;11 Extremadura;2022;6.744
EUROPA;Mujeres;Total Nacional;11 Extremadura;2021;6.899
EUROPA;Mujeres;Total Nacional;11 Extremadura;2020;6.997
EUROPA;Mujeres;Total Nacional;11 Extremadura;2019;6.930
EUROPA;Mujeres;Total Nacional;11 Extremadura;2018;6.960
EUROPA;Mujeres;Total Nacional;12 Galicia;2022;17.909
EUROPA;Mujeres;Total Nacional;12 Galicia;2021;17.872
EUROPA;Mujeres;Total Nacional;12 Galicia;2020;17.918
EUROPA;Mujeres;Total Nacional;12 Galicia;2019;17.278
EUROPA;Mujeres;Total Nacional;12 Galicia;2018;17.002
EUROPA;Mujeres;Total Nacional;13 Madrid, Comunidad de;2022;169.769
EUROPA;Mujeres;Total Nacional;13 Madrid, Comunidad de;2021;171.590
EUROPA;Mujeres;Total Nacional;13 Madrid, Comunidad de;2020;174.830
EUROPA;Mujeres;Total Nacional;13 Madrid, Comunidad de;2019;171.826
EUROPA;Mujeres;Total Nacional;13 Madrid, Comunidad de;2018;169.296
EUROPA;Mujeres;Total Nacional;14 Murcia, Región de;2022;29.228
EUROPA;Mujeres;Total Nacional;14 Murcia, Región de;2021;28.814
EUROPA;Mujeres;Total Nacional;14 Murcia, Región de;2020;28.708
EUROPA;Mujeres;Total Nacional;14 Murcia, Región de;2019;28.249
EUROPA;Mujeres;Total Nacional;14 Murcia, Región de;2018;27.713
EUROPA;Mujeres;Total Nacional;15 Navarra, Comunidad Foral de;2022;11.472
EUROPA;Mujeres;Total Nacional;15 Navarra, Comunidad Foral de;2021;11.638
EUROPA;Mujeres;Total Nacional;15 Navarra, Comunidad Foral de;2020;11.851
EUROPA;Mujeres;Total Nacional;15 Navarra, Comunidad Foral de;2019;11.712
EUROPA;Mujeres;Total Nacional;15 Navarra, Comunidad Foral de;2018;11.350
EUROPA;Mujeres;Total Nacional;16 País Vasco;2022;20.440
EUROPA;Mujeres;Total Nacional;16 País Vasco;2021;20.510
EUROPA;Mujeres;Total Nacional;16 País Vasco;2020;20.590
EUROPA;Mujeres;Total Nacional;16 País Vasco;2019;20.166
EUROPA;Mujeres;Total Nacional;16 País Vasco;2018;19.657
EUROPA;Mujeres;Total Nacional;17 Rioja, La;2022;9.077
EUROPA;Mujeres;Total Nacional;17 Rioja, La;2021;9.132
EUROPA;Mujeres;Total Nacional;17 Rioja, La;2020;9.214
EUROPA;Mujeres;Total Nacional;17 Rioja, La;2019;8.985
EUROPA;Mujeres;Total Nacional;17 Rioja, La;2018;8.795
EUROPA;Mujeres;Total Nacional;18 Ceuta;2022;113
EUROPA;Mujeres;Total Nacional;18 Ceuta;2021;124
EUROPA;Mujeres;Total Nacional;18 Ceuta;2020;124
EUROPA;Mujeres;Total Nacional;18 Ceuta;2019;121
EUROPA;Mujeres;Total Nacional;18 Ceuta;2018;125
EUROPA;Mujeres;Total Nacional;19 Melilla;2022;339
EUROPA;Mujeres;Total Nacional;19 Melilla;2021;355
EUROPA;Mujeres;Total Nacional;19 Melilla;2020;383
EUROPA;Mujeres;Total Nacional;19 Melilla;2019;397
EUROPA;Mujeres;Total Nacional;19 Melilla;2018;408
ÁFRICA;Hombres;Total Nacional;01 Andalucía;2022;130.729
ÁFRICA;Hombres;Total Nacional;01 Andalucía;2021;123.818
ÁFRICA;Hombres;Total Nacional;01 Andalucía;2020;122.527
ÁFRICA;Hombres;Total Nacional;01 Andalucía;2019;114.815
ÁFRICA;Hombres;Total Nacional;01 Andalucía;2018;108.403
ÁFRICA;Hombres;Total Nacional;02 Aragón;2022;27.468
ÁFRICA;Hombres;Total Nacional;02 Aragón;2021;26.409
ÁFRICA;Hombres;Total Nacional;02 Aragón;2020;25.533
ÁFRICA;Hombres;Total Nacional;02 Aragón;2019;23.382
ÁFRICA;Hombres;Total Nacional;02 Aragón;2018;21.851
ÁFRICA;Hombres;Total Nacional;03 Asturias, Principado de;2022;3.783
ÁFRICA;Hombres;Total Nacional;03 Asturias, Principado de;2021;3.758
ÁFRICA;Hombres;Total Nacional;03 Asturias, Principado de;2020;3.833
ÁFRICA;Hombres;Total Nacional;03 Asturias, Principado de;2019;3.640
ÁFRICA;Hombres;Total Nacional;03 Asturias, Principado de;2018;3.510
ÁFRICA;Hombres;Total Nacional;04 Balears, Illes;2022;24.215
ÁFRICA;Hombres;Total Nacional;04 Balears, Illes;2021;24.520
ÁFRICA;Hombres;Total Nacional;04 Balears, Illes;2020;24.279
ÁFRICA;Hombres;Total Nacional;04 Balears, Illes;2019;22.560
ÁFRICA;Hombres;Total Nacional;04 Balears, Illes;2018;20.946
ÁFRICA;Hombres;Total Nacional;05 Canarias;2022;18.585
ÁFRICA;Hombres;Total Nacional;05 Canarias;2021;18.133
ÁFRICA;Hombres;Total Nacional;05 Canarias;2020;18.353
ÁFRICA;Hombres;Total Nacional;05 Canarias;2019;17.661
ÁFRICA;Hombres;Total Nacional;05 Canarias;2018;17.337
ÁFRICA;Hombres;Total Nacional;06 Cantabria;2022;2.771
ÁFRICA;Hombres;Total Nacional;06 Cantabria;2021;2.725
ÁFRICA;Hombres;Total Nacional;06 Cantabria;2020;2.728
ÁFRICA;Hombres;Total Nacional;06 Cantabria;2019;2.495
ÁFRICA;Hombres;Total Nacional;06 Cantabria;2018;2.326
ÁFRICA;Hombres;Total Nacional;07 Castilla y León;2022;17.581
ÁFRICA;Hombres;Total Nacional;07 Castilla y León;2021;16.555
ÁFRICA;Hombres;Total Nacional;07 Castilla y León;2020;15.873
ÁFRICA;Hombres;Total Nacional;07 Castilla y León;2019;14.508
ÁFRICA;Hombres;Total Nacional;07 Castilla y León;2018;13.896
ÁFRICA;Hombres;Total Nacional;08 Castilla - La Mancha;2022;29.831
ÁFRICA;Hombres;Total Nacional;08 Castilla - La Mancha;2021;28.075
ÁFRICA;Hombres;Total Nacional;08 Castilla - La Mancha;2020;27.237
ÁFRICA;Hombres;Total Nacional;08 Castilla - La Mancha;2019;24.516
ÁFRICA;Hombres;Total Nacional;08 Castilla - La Mancha;2018;22.849
ÁFRICA;Hombres;Total Nacional;09 Cataluña;2022;193.903
ÁFRICA;Hombres;Total Nacional;09 Cataluña;2021;193.956
ÁFRICA;Hombres;Total Nacional;09 Cataluña;2020;193.618
ÁFRICA;Hombres;Total Nacional;09 Cataluña;2019;179.934
ÁFRICA;Hombres;Total Nacional;09 Cataluña;2018;168.921
ÁFRICA;Hombres;Total Nacional;10 Comunitat Valenciana;2022;80.705
ÁFRICA;Hombres;Total Nacional;10 Comunitat Valenciana;2021;78.956
ÁFRICA;Hombres;Total Nacional;10 Comunitat Valenciana;2020;79.780
ÁFRICA;Hombres;Total Nacional;10 Comunitat Valenciana;2019;74.028
ÁFRICA;Hombres;Total Nacional;10 Comunitat Valenciana;2018;70.514
ÁFRICA;Hombres;Total Nacional;11 Extremadura;2022;4.758
ÁFRICA;Hombres;Total Nacional;11 Extremadura;2021;4.673
ÁFRICA;Hombres;Total Nacional;11 Extremadura;2020;4.769
ÁFRICA;Hombres;Total Nacional;11 Extremadura;2019;4.616
ÁFRICA;Hombres;Total Nacional;11 Extremadura;2018;4.574
ÁFRICA;Hombres;Total Nacional;12 Galicia;2022;10.117
ÁFRICA;Hombres;Total Nacional;12 Galicia;2021;9.527
ÁFRICA;Hombres;Total Nacional;12 Galicia;2020;9.193
ÁFRICA;Hombres;Total Nacional;12 Galicia;2019;8.506
ÁFRICA;Hombres;Total Nacional;12 Galicia;2018;8.023
ÁFRICA;Hombres;Total Nacional;13 Madrid, Comunidad de;2022;62.187
ÁFRICA;Hombres;Total Nacional;13 Madrid, Comunidad de;2021;63.858
ÁFRICA;Hombres;Total Nacional;13 Madrid, Comunidad de;2020;65.003
ÁFRICA;Hombres;Total Nacional;13 Madrid, Comunidad de;2019;62.925
ÁFRICA;Hombres;Total Nacional;13 Madrid, Comunidad de;2018;60.958
ÁFRICA;Hombres;Total Nacional;14 Murcia, Región de;2022;64.951
ÁFRICA;Hombres;Total Nacional;14 Murcia, Región de;2021;62.912
ÁFRICA;Hombres;Total Nacional;14 Murcia, Región de;2020;62.902
ÁFRICA;Hombres;Total Nacional;14 Murcia, Región de;2019;59.496
ÁFRICA;Hombres;Total Nacional;14 Murcia, Región de;2018;56.562
ÁFRICA;Hombres;Total Nacional;15 Navarra, Comunidad Foral de;2022;12.983
ÁFRICA;Hombres;Total Nacional;15 Navarra, Comunidad Foral de;2021;12.452
ÁFRICA;Hombres;Total Nacional;15 Navarra, Comunidad Foral de;2020;12.100
ÁFRICA;Hombres;Total Nacional;15 Navarra, Comunidad Foral de;2019;10.907
ÁFRICA;Hombres;Total Nacional;15 Navarra, Comunidad Foral de;2018;9.992
ÁFRICA;Hombres;Total Nacional;16 País Vasco;2022;30.705
ÁFRICA;Hombres;Total Nacional;16 País Vasco;2021;30.271
ÁFRICA;Hombres;Total Nacional;16 País Vasco;2020;29.983
ÁFRICA;Hombres;Total Nacional;16 País Vasco;2019;27.895
ÁFRICA;Hombres;Total Nacional;16 País Vasco;2018;26.337
ÁFRICA;Hombres;Total Nacional;17 Rioja, La;2022;6.260
ÁFRICA;Hombres;Total Nacional;17 Rioja, La;2021;5.975
ÁFRICA;Hombres;Total Nacional;17 Rioja, La;2020;5.745
ÁFRICA;Hombres;Total Nacional;17 Rioja, La;2019;5.246
ÁFRICA;Hombres;Total Nacional;17 Rioja, La;2018;4.968
ÁFRICA;Hombres;Total Nacional;18 Ceuta;2022;2.068
ÁFRICA;Hombres;Total Nacional;18 Ceuta;2021;2.337
ÁFRICA;Hombres;Total Nacional;18 Ceuta;2020;2.541
ÁFRICA;Hombres;Total Nacional;18 Ceuta;2019;2.591
ÁFRICA;Hombres;Total Nacional;18 Ceuta;2018;2.641
ÁFRICA;Hombres;Total Nacional;19 Melilla;2022;4.928
ÁFRICA;Hombres;Total Nacional;19 Melilla;2021;5.476
ÁFRICA;Hombres;Total Nacional;19 Melilla;2020;5.908
ÁFRICA;Hombres;Total Nacional;19 Melilla;2019;5.889
ÁFRICA;Hombres;Total Nacional;19 Melilla;2018;6.035
ÁFRICA;Mujeres;Total Nacional;01 Andalucía;2022;80.714
ÁFRICA;Mujeres;Total Nacional;01 Andalucía;2021;77.527
ÁFRICA;Mujeres;Total Nacional;01 Andalucía;2020;76.576
ÁFRICA;Mujeres;Total Nacional;01 Andalucía;2019;71.120
ÁFRICA;Mujeres;Total Nacional;01 Andalucía;2018;66.607
ÁFRICA;Mujeres;Total Nacional;02 Aragón;2022;16.864
ÁFRICA;Mujeres;Total Nacional;02 Aragón;2021;16.162
ÁFRICA;Mujeres;Total Nacional;02 Aragón;2020;15.718
ÁFRICA;Mujeres;Total Nacional;02 Aragón;2019;14.939
ÁFRICA;Mujeres;Total Nacional;02 Aragón;2018;14.126
ÁFRICA;Mujeres;Total Nacional;03 Asturias, Principado de;2022;2.330
ÁFRICA;Mujeres;Total Nacional;03 Asturias, Principado de;2021;2.377
ÁFRICA;Mujeres;Total Nacional;03 Asturias, Principado de;2020;2.337
ÁFRICA;Mujeres;Total Nacional;03 Asturias, Principado de;2019;2.253
ÁFRICA;Mujeres;Total Nacional;03 Asturias, Principado de;2018;2.188
ÁFRICA;Mujeres;Total Nacional;04 Balears, Illes;2022;16.199
ÁFRICA;Mujeres;Total Nacional;04 Balears, Illes;2021;16.314
ÁFRICA;Mujeres;Total Nacional;04 Balears, Illes;2020;16.176
ÁFRICA;Mujeres;Total Nacional;04 Balears, Illes;2019;15.449
ÁFRICA;Mujeres;Total Nacional;04 Balears, Illes;2018;14.741
ÁFRICA;Mujeres;Total Nacional;05 Canarias;2022;11.378
ÁFRICA;Mujeres;Total Nacional;05 Canarias;2021;11.468
ÁFRICA;Mujeres;Total Nacional;05 Canarias;2020;11.563
ÁFRICA;Mujeres;Total Nacional;05 Canarias;2019;11.172
ÁFRICA;Mujeres;Total Nacional;05 Canarias;2018;10.817
ÁFRICA;Mujeres;Total Nacional;06 Cantabria;2022;1.557
ÁFRICA;Mujeres;Total Nacional;06 Cantabria;2021;1.530
ÁFRICA;Mujeres;Total Nacional;06 Cantabria;2020;1.560
ÁFRICA;Mujeres;Total Nacional;06 Cantabria;2019;1.472
ÁFRICA;Mujeres;Total Nacional;06 Cantabria;2018;1.387
ÁFRICA;Mujeres;Total Nacional;07 Castilla y León;2022;12.885
ÁFRICA;Mujeres;Total Nacional;07 Castilla y León;2021;12.604
ÁFRICA;Mujeres;Total Nacional;07 Castilla y León;2020;12.111
ÁFRICA;Mujeres;Total Nacional;07 Castilla y León;2019;11.267
ÁFRICA;Mujeres;Total Nacional;07 Castilla y León;2018;10.735
ÁFRICA;Mujeres;Total Nacional;08 Castilla - La Mancha;2022;20.228
ÁFRICA;Mujeres;Total Nacional;08 Castilla - La Mancha;2021;19.418
ÁFRICA;Mujeres;Total Nacional;08 Castilla - La Mancha;2020;18.907
ÁFRICA;Mujeres;Total Nacional;08 Castilla - La Mancha;2019;17.307
ÁFRICA;Mujeres;Total Nacional;08 Castilla - La Mancha;2018;16.204
ÁFRICA;Mujeres;Total Nacional;09 Cataluña;2022;130.357
ÁFRICA;Mujeres;Total Nacional;09 Cataluña;2021;131.039
ÁFRICA;Mujeres;Total Nacional;09 Cataluña;2020;130.651
ÁFRICA;Mujeres;Total Nacional;09 Cataluña;2019;124.804
ÁFRICA;Mujeres;Total Nacional;09 Cataluña;2018;119.660
ÁFRICA;Mujeres;Total Nacional;10 Comunitat Valenciana;2022;55.807
ÁFRICA;Mujeres;Total Nacional;10 Comunitat Valenciana;2021;54.680
ÁFRICA;Mujeres;Total Nacional;10 Comunitat Valenciana;2020;54.939
ÁFRICA;Mujeres;Total Nacional;10 Comunitat Valenciana;2019;51.709
ÁFRICA;Mujeres;Total Nacional;10 Comunitat Valenciana;2018;49.316
ÁFRICA;Mujeres;Total Nacional;11 Extremadura;2022;3.625
ÁFRICA;Mujeres;Total Nacional;11 Extremadura;2021;3.628
ÁFRICA;Mujeres;Total Nacional;11 Extremadura;2020;3.662
ÁFRICA;Mujeres;Total Nacional;11 Extremadura;2019;3.527
ÁFRICA;Mujeres;Total Nacional;11 Extremadura;2018;3.462
ÁFRICA;Mujeres;Total Nacional;12 Galicia;2022;6.061
ÁFRICA;Mujeres;Total Nacional;12 Galicia;2021;5.890
ÁFRICA;Mujeres;Total Nacional;12 Galicia;2020;5.738
ÁFRICA;Mujeres;Total Nacional;12 Galicia;2019;5.342
ÁFRICA;Mujeres;Total Nacional;12 Galicia;2018;4.963
ÁFRICA;Mujeres;Total Nacional;13 Madrid, Comunidad de;2022;47.505
ÁFRICA;Mujeres;Total Nacional;13 Madrid, Comunidad de;2021;49.192
ÁFRICA;Mujeres;Total Nacional;13 Madrid, Comunidad de;2020;49.858
ÁFRICA;Mujeres;Total Nacional;13 Madrid, Comunidad de;2019;48.880
ÁFRICA;Mujeres;Total Nacional;13 Madrid, Comunidad de;2018;47.705
ÁFRICA;Mujeres;Total Nacional;14 Murcia, Región de;2022;42.017
ÁFRICA;Mujeres;Total Nacional;14 Murcia, Región de;2021;40.824
ÁFRICA;Mujeres;Total Nacional;14 Murcia, Región de;2020;40.492
ÁFRICA;Mujeres;Total Nacional;14 Murcia, Región de;2019;38.452
ÁFRICA;Mujeres;Total Nacional;14 Murcia, Región de;2018;36.044
ÁFRICA;Mujeres;Total Nacional;15 Navarra, Comunidad Foral de;2022;10.095
ÁFRICA;Mujeres;Total Nacional;15 Navarra, Comunidad Foral de;2021;9.686
ÁFRICA;Mujeres;Total Nacional;15 Navarra, Comunidad Foral de;2020;9.320
ÁFRICA;Mujeres;Total Nacional;15 Navarra, Comunidad Foral de;2019;8.460
ÁFRICA;Mujeres;Total Nacional;15 Navarra, Comunidad Foral de;2018;7.709
ÁFRICA;Mujeres;Total Nacional;16 País Vasco;2022;18.613
ÁFRICA;Mujeres;Total Nacional;16 País Vasco;2021;18.704
ÁFRICA;Mujeres;Total Nacional;16 País Vasco;2020;18.537
ÁFRICA;Mujeres;Total Nacional;16 País Vasco;2019;17.648
ÁFRICA;Mujeres;Total Nacional;16 País Vasco;2018;16.848
ÁFRICA;Mujeres;Total Nacional;17 Rioja, La;2022;4.979
ÁFRICA;Mujeres;Total Nacional;17 Rioja, La;2021;4.719
ÁFRICA;Mujeres;Total Nacional;17 Rioja, La;2020;4.580
ÁFRICA;Mujeres;Total Nacional;17 Rioja, La;2019;4.257
ÁFRICA;Mujeres;Total Nacional;17 Rioja, La;2018;4.071
ÁFRICA;Mujeres;Total Nacional;18 Ceuta;2022;2.317
ÁFRICA;Mujeres;Total Nacional;18 Ceuta;2021;2.483
ÁFRICA;Mujeres;Total Nacional;18 Ceuta;2020;2.592
ÁFRICA;Mujeres;Total Nacional;18 Ceuta;2019;2.614
ÁFRICA;Mujeres;Total Nacional;18 Ceuta;2018;2.616
ÁFRICA;Mujeres;Total Nacional;19 Melilla;2022;5.647
ÁFRICA;Mujeres;Total Nacional;19 Melilla;2021;5.942
ÁFRICA;Mujeres;Total Nacional;19 Melilla;2020;6.185
ÁFRICA;Mujeres;Total Nacional;19 Melilla;2019;6.127
ÁFRICA;Mujeres;Total Nacional;19 Melilla;2018;6.187
AMÉRICA CENTRAL Y CARIBE;Hombres;Total Nacional;01 Andalucía;2022;10.126
AMÉRICA CENTRAL Y CARIBE;Hombres;Total Nacional;01 Andalucía;2021;9.572
AMÉRICA CENTRAL Y CARIBE;Hombres;Total Nacional;01 Andalucía;2020;8.582
AMÉRICA CENTRAL Y CARIBE;Hombres;Total Nacional;01 Andalucía;2019;6.298
AMÉRICA CENTRAL Y CARIBE;Hombres;Total Nacional;01 Andalucía;2018;5.144
AMÉRICA CENTRAL Y CARIBE;Hombres;Total Nacional;02 Aragón;2022;6.062
AMÉRICA CENTRAL Y CARIBE;Hombres;Total Nacional;02 Aragón;2021;6.038
AMÉRICA CENTRAL Y CARIBE;Hombres;Total Nacional;02 Aragón;2020;5.774
AMÉRICA CENTRAL Y CARIBE;Hombres;Total Nacional;02 Aragón;2019;4.415
AMÉRICA CENTRAL Y CARIBE;Hombres;Total Nacional;02 Aragón;2018;3.336
AMÉRICA CENTRAL Y CARIBE;Hombres;Total Nacional;03 Asturias, Principado de;2022;1.780
AMÉRICA CENTRAL Y CARIBE;Hombres;Total Nacional;03 Asturias, Principado de;2021;1.729
AMÉRICA CENTRAL Y CARIBE;Hombres;Total Nacional;03 Asturias, Principado de;2020;1.690
AMÉRICA CENTRAL Y CARIBE;Hombres;Total Nacional;03 Asturias, Principado de;2019;1.463
AMÉRICA CENTRAL Y CARIBE;Hombres;Total Nacional;03 Asturias, Principado de;2018;1.309
AMÉRICA CENTRAL Y CARIBE;Hombres;Total Nacional;04 Balears, Illes;2022;2.881
AMÉRICA CENTRAL Y CARIBE;Hombres;Total Nacional;04 Balears, Illes;2021;2.910
AMÉRICA CENTRAL Y CARIBE;Hombres;Total Nacional;04 Balears, Illes;2020;2.970
AMÉRICA CENTRAL Y CARIBE;Hombres;Total Nacional;04 Balears, Illes;2019;2.570
AMÉRICA CENTRAL Y CARIBE;Hombres;Total Nacional;04 Balears, Illes;2018;2.162
AMÉRICA CENTRAL Y CARIBE;Hombres;Total Nacional;05 Canarias;2022;8.033
AMÉRICA CENTRAL Y CARIBE;Hombres;Total Nacional;05 Canarias;2021;8.222
AMÉRICA CENTRAL Y CARIBE;Hombres;Total Nacional;05 Canarias;2020;8.764
AMÉRICA CENTRAL Y CARIBE;Hombres;Total Nacional;05 Canarias;2019;7.551
AMÉRICA CENTRAL Y CARIBE;Hombres;Total Nacional;05 Canarias;2018;6.493
AMÉRICA CENTRAL Y CARIBE;Hombres;Total Nacional;06 Cantabria;2022;1.102
AMÉRICA CENTRAL Y CARIBE;Hombres;Total Nacional;06 Cantabria;2021;1.038
AMÉRICA CENTRAL Y CARIBE;Hombres;Total Nacional;06 Cantabria;2020;1.093
AMÉRICA CENTRAL Y CARIBE;Hombres;Total Nacional;06 Cantabria;2019;979
AMÉRICA CENTRAL Y CARIBE;Hombres;Total Nacional;06 Cantabria;2018;865
AMÉRICA CENTRAL Y CARIBE;Hombres;Total Nacional;07 Castilla y León;2022;4.639
AMÉRICA CENTRAL Y CARIBE;Hombres;Total Nacional;07 Castilla y León;2021;4.461
AMÉRICA CENTRAL Y CARIBE;Hombres;Total Nacional;07 Castilla y León;2020;4.281
AMÉRICA CENTRAL Y CARIBE;Hombres;Total Nacional;07 Castilla y León;2019;3.517
AMÉRICA CENTRAL Y CARIBE;Hombres;Total Nacional;07 Castilla y León;2018;3.035
AMÉRICA CENTRAL Y CARIBE;Hombres;Total Nacional;08 Castilla - La Mancha;2022;4.139
AMÉRICA CENTRAL Y CARIBE;Hombres;Total Nacional;08 Castilla - La Mancha;2021;3.916
AMÉRICA CENTRAL Y CARIBE;Hombres;Total Nacional;08 Castilla - La Mancha;2020;3.589
AMÉRICA CENTRAL Y CARIBE;Hombres;Total Nacional;08 Castilla - La Mancha;2019;2.690
AMÉRICA CENTRAL Y CARIBE;Hombres;Total Nacional;08 Castilla - La Mancha;2018;2.089
AMÉRICA CENTRAL Y CARIBE;Hombres;Total Nacional;09 Cataluña;2022;36.331
AMÉRICA CENTRAL Y CARIBE;Hombres;Total Nacional;09 Cataluña;2021;35.151
AMÉRICA CENTRAL Y CARIBE;Hombres;Total Nacional;09 Cataluña;2020;34.357
AMÉRICA CENTRAL Y CARIBE;Hombres;Total Nacional;09 Cataluña;2019;28.956
AMÉRICA CENTRAL Y CARIBE;Hombres;Total Nacional;09 Cataluña;2018;25.017
AMÉRICA CENTRAL Y CARIBE;Hombres;Total Nacional;10 Comunitat Valenciana;2022;9.588
AMÉRICA CENTRAL Y CARIBE;Hombres;Total Nacional;10 Comunitat Valenciana;2021;8.835
AMÉRICA CENTRAL Y CARIBE;Hombres;Total Nacional;10 Comunitat Valenciana;2020;8.480
AMÉRICA CENTRAL Y CARIBE;Hombres;Total Nacional;10 Comunitat Valenciana;2019;6.544
AMÉRICA CENTRAL Y CARIBE;Hombres;Total Nacional;10 Comunitat Valenciana;2018;5.412
AMÉRICA CENTRAL Y CARIBE;Hombres;Total Nacional;11 Extremadura;2022;1.030
AMÉRICA CENTRAL Y CARIBE;Hombres;Total Nacional;11 Extremadura;2021;988
AMÉRICA CENTRAL Y CARIBE;Hombres;Total Nacional;11 Extremadura;2020;885
AMÉRICA CENTRAL Y CARIBE;Hombres;Total Nacional;11 Extremadura;2019;649
AMÉRICA CENTRAL Y CARIBE;Hombres;Total Nacional;11 Extremadura;2018;518
AMÉRICA CENTRAL Y CARIBE;Hombres;Total Nacional;12 Galicia;2022;3.749
AMÉRICA CENTRAL Y CARIBE;Hombres;Total Nacional;12 Galicia;2021;3.542
AMÉRICA CENTRAL Y CARIBE;Hombres;Total Nacional;12 Galicia;2020;3.526
AMÉRICA CENTRAL Y CARIBE;Hombres;Total Nacional;12 Galicia;2019;3.003
AMÉRICA CENTRAL Y CARIBE;Hombres;Total Nacional;12 Galicia;2018;2.614
AMÉRICA CENTRAL Y CARIBE;Hombres;Total Nacional;13 Madrid, Comunidad de;2022;36.119
AMÉRICA CENTRAL Y CARIBE;Hombres;Total Nacional;13 Madrid, Comunidad de;2021;35.533
AMÉRICA CENTRAL Y CARIBE;Hombres;Total Nacional;13 Madrid, Comunidad de;2020;34.360
AMÉRICA CENTRAL Y CARIBE;Hombres;Total Nacional;13 Madrid, Comunidad de;2019;28.537
AMÉRICA CENTRAL Y CARIBE;Hombres;Total Nacional;13 Madrid, Comunidad de;2018;24.679
AMÉRICA CENTRAL Y CARIBE;Hombres;Total Nacional;14 Murcia, Región de;2022;3.891
AMÉRICA CENTRAL Y CARIBE;Hombres;Total Nacional;14 Murcia, Región de;2021;3.762
AMÉRICA CENTRAL Y CARIBE;Hombres;Total Nacional;14 Murcia, Región de;2020;3.258
AMÉRICA CENTRAL Y CARIBE;Hombres;Total Nacional;14 Murcia, Región de;2019;2.323
AMÉRICA CENTRAL Y CARIBE;Hombres;Total Nacional;14 Murcia, Región de;2018;1.713
AMÉRICA CENTRAL Y CARIBE;Hombres;Total Nacional;15 Navarra, Comunidad Foral de;2022;1.990
AMÉRICA CENTRAL Y CARIBE;Hombres;Total Nacional;15 Navarra, Comunidad Foral de;2021;1.879
AMÉRICA CENTRAL Y CARIBE;Hombres;Total Nacional;15 Navarra, Comunidad Foral de;2020;1.818
AMÉRICA CENTRAL Y CARIBE;Hombres;Total Nacional;15 Navarra, Comunidad Foral de;2019;1.457
AMÉRICA CENTRAL Y CARIBE;Hombres;Total Nacional;15 Navarra, Comunidad Foral de;2018;1.156
AMÉRICA CENTRAL Y CARIBE;Hombres;Total Nacional;16 País Vasco;2022;8.500
AMÉRICA CENTRAL Y CARIBE;Hombres;Total Nacional;16 País Vasco;2021;8.428
AMÉRICA CENTRAL Y CARIBE;Hombres;Total Nacional;16 País Vasco;2020;7.990
AMÉRICA CENTRAL Y CARIBE;Hombres;Total Nacional;16 País Vasco;2019;6.237
AMÉRICA CENTRAL Y CARIBE;Hombres;Total Nacional;16 País Vasco;2018;4.728
AMÉRICA CENTRAL Y CARIBE;Hombres;Total Nacional;17 Rioja, La;2022;409
AMÉRICA CENTRAL Y CARIBE;Hombres;Total Nacional;17 Rioja, La;2021;427
AMÉRICA CENTRAL Y CARIBE;Hombres;Total Nacional;17 Rioja, La;2020;406
AMÉRICA CENTRAL Y CARIBE;Hombres;Total Nacional;17 Rioja, La;2019;288
AMÉRICA CENTRAL Y CARIBE;Hombres;Total Nacional;17 Rioja, La;2018;266
AMÉRICA CENTRAL Y CARIBE;Hombres;Total Nacional;18 Ceuta;2022;5
AMÉRICA CENTRAL Y CARIBE;Hombres;Total Nacional;18 Ceuta;2021;3
AMÉRICA CENTRAL Y CARIBE;Hombres;Total Nacional;18 Ceuta;2020;6
AMÉRICA CENTRAL Y CARIBE;Hombres;Total Nacional;18 Ceuta;2019;7
AMÉRICA CENTRAL Y CARIBE;Hombres;Total Nacional;18 Ceuta;2018;7
AMÉRICA CENTRAL Y CARIBE;Hombres;Total Nacional;19 Melilla;2022;18
AMÉRICA CENTRAL Y CARIBE;Hombres;Total Nacional;19 Melilla;2021;19
AMÉRICA CENTRAL Y CARIBE;Hombres;Total Nacional;19 Melilla;2020;14
AMÉRICA CENTRAL Y CARIBE;Hombres;Total Nacional;19 Melilla;2019;11
AMÉRICA CENTRAL Y CARIBE;Hombres;Total Nacional;19 Melilla;2018;14
AMÉRICA CENTRAL Y CARIBE;Mujeres;Total Nacional;01 Andalucía;2022;20.034
AMÉRICA CENTRAL Y CARIBE;Mujeres;Total Nacional;01 Andalucía;2021;19.386
AMÉRICA CENTRAL Y CARIBE;Mujeres;Total Nacional;01 Andalucía;2020;17.856
AMÉRICA CENTRAL Y CARIBE;Mujeres;Total Nacional;01 Andalucía;2019;13.360
AMÉRICA CENTRAL Y CARIBE;Mujeres;Total Nacional;01 Andalucía;2018;10.730
AMÉRICA CENTRAL Y CARIBE;Mujeres;Total Nacional;02 Aragón;2022;10.949
AMÉRICA CENTRAL Y CARIBE;Mujeres;Total Nacional;02 Aragón;2021;11.080
AMÉRICA CENTRAL Y CARIBE;Mujeres;Total Nacional;02 Aragón;2020;11.157
AMÉRICA CENTRAL Y CARIBE;Mujeres;Total Nacional;02 Aragón;2019;9.361
AMÉRICA CENTRAL Y CARIBE;Mujeres;Total Nacional;02 Aragón;2018;7.638
AMÉRICA CENTRAL Y CARIBE;Mujeres;Total Nacional;03 Asturias, Principado de;2022;2.640
AMÉRICA CENTRAL Y CARIBE;Mujeres;Total Nacional;03 Asturias, Principado de;2021;2.593
AMÉRICA CENTRAL Y CARIBE;Mujeres;Total Nacional;03 Asturias, Principado de;2020;2.480
AMÉRICA CENTRAL Y CARIBE;Mujeres;Total Nacional;03 Asturias, Principado de;2019;2.074
AMÉRICA CENTRAL Y CARIBE;Mujeres;Total Nacional;03 Asturias, Principado de;2018;1.878
AMÉRICA CENTRAL Y CARIBE;Mujeres;Total Nacional;04 Balears, Illes;2022;3.728
AMÉRICA CENTRAL Y CARIBE;Mujeres;Total Nacional;04 Balears, Illes;2021;3.949
AMÉRICA CENTRAL Y CARIBE;Mujeres;Total Nacional;04 Balears, Illes;2020;3.993
AMÉRICA CENTRAL Y CARIBE;Mujeres;Total Nacional;04 Balears, Illes;2019;3.458
AMÉRICA CENTRAL Y CARIBE;Mujeres;Total Nacional;04 Balears, Illes;2018;2.995
AMÉRICA CENTRAL Y CARIBE;Mujeres;Total Nacional;05 Canarias;2022;9.432
AMÉRICA CENTRAL Y CARIBE;Mujeres;Total Nacional;05 Canarias;2021;9.644
AMÉRICA CENTRAL Y CARIBE;Mujeres;Total Nacional;05 Canarias;2020;10.319
AMÉRICA CENTRAL Y CARIBE;Mujeres;Total Nacional;05 Canarias;2019;9.120
AMÉRICA CENTRAL Y CARIBE;Mujeres;Total Nacional;05 Canarias;2018;7.842
AMÉRICA CENTRAL Y CARIBE;Mujeres;Total Nacional;06 Cantabria;2022;1.567
AMÉRICA CENTRAL Y CARIBE;Mujeres;Total Nacional;06 Cantabria;2021;1.540
AMÉRICA CENTRAL Y CARIBE;Mujeres;Total Nacional;06 Cantabria;2020;1.553
AMÉRICA CENTRAL Y CARIBE;Mujeres;Total Nacional;06 Cantabria;2019;1.366
AMÉRICA CENTRAL Y CARIBE;Mujeres;Total Nacional;06 Cantabria;2018;1.208
AMÉRICA CENTRAL Y CARIBE;Mujeres;Total Nacional;07 Castilla y León;2022;7.033
AMÉRICA CENTRAL Y CARIBE;Mujeres;Total Nacional;07 Castilla y León;2021;7.025
AMÉRICA CENTRAL Y CARIBE;Mujeres;Total Nacional;07 Castilla y León;2020;6.823
AMÉRICA CENTRAL Y CARIBE;Mujeres;Total Nacional;07 Castilla y León;2019;5.786
AMÉRICA CENTRAL Y CARIBE;Mujeres;Total Nacional;07 Castilla y León;2018;4.966
AMÉRICA CENTRAL Y CARIBE;Mujeres;Total Nacional;08 Castilla - La Mancha;2022;5.823
AMÉRICA CENTRAL Y CARIBE;Mujeres;Total Nacional;08 Castilla - La Mancha;2021;5.713
AMÉRICA CENTRAL Y CARIBE;Mujeres;Total Nacional;08 Castilla - La Mancha;2020;5.499
AMÉRICA CENTRAL Y CARIBE;Mujeres;Total Nacional;08 Castilla - La Mancha;2019;4.358
AMÉRICA CENTRAL Y CARIBE;Mujeres;Total Nacional;08 Castilla - La Mancha;2018;3.530
AMÉRICA CENTRAL Y CARIBE;Mujeres;Total Nacional;09 Cataluña;2022;57.404
AMÉRICA CENTRAL Y CARIBE;Mujeres;Total Nacional;09 Cataluña;2021;57.440
AMÉRICA CENTRAL Y CARIBE;Mujeres;Total Nacional;09 Cataluña;2020;57.861
AMÉRICA CENTRAL Y CARIBE;Mujeres;Total Nacional;09 Cataluña;2019;50.652
AMÉRICA CENTRAL Y CARIBE;Mujeres;Total Nacional;09 Cataluña;2018;44.179
AMÉRICA CENTRAL Y CARIBE;Mujeres;Total Nacional;10 Comunitat Valenciana;2022;16.531
AMÉRICA CENTRAL Y CARIBE;Mujeres;Total Nacional;10 Comunitat Valenciana;2021;15.613
AMÉRICA CENTRAL Y CARIBE;Mujeres;Total Nacional;10 Comunitat Valenciana;2020;15.028
AMÉRICA CENTRAL Y CARIBE;Mujeres;Total Nacional;10 Comunitat Valenciana;2019;12.133
AMÉRICA CENTRAL Y CARIBE;Mujeres;Total Nacional;10 Comunitat Valenciana;2018;9.907
AMÉRICA CENTRAL Y CARIBE;Mujeres;Total Nacional;11 Extremadura;2022;2.424
AMÉRICA CENTRAL Y CARIBE;Mujeres;Total Nacional;11 Extremadura;2021;2.304
AMÉRICA CENTRAL Y CARIBE;Mujeres;Total Nacional;11 Extremadura;2020;2.115
AMÉRICA CENTRAL Y CARIBE;Mujeres;Total Nacional;11 Extremadura;2019;1.662
AMÉRICA CENTRAL Y CARIBE;Mujeres;Total Nacional;11 Extremadura;2018;1.300
AMÉRICA CENTRAL Y CARIBE;Mujeres;Total Nacional;12 Galicia;2022;5.382
AMÉRICA CENTRAL Y CARIBE;Mujeres;Total Nacional;12 Galicia;2021;5.271
AMÉRICA CENTRAL Y CARIBE;Mujeres;Total Nacional;12 Galicia;2020;5.159
AMÉRICA CENTRAL Y CARIBE;Mujeres;Total Nacional;12 Galicia;2019;4.523
AMÉRICA CENTRAL Y CARIBE;Mujeres;Total Nacional;12 Galicia;2018;3.997
AMÉRICA CENTRAL Y CARIBE;Mujeres;Total Nacional;13 Madrid, Comunidad de;2022;57.284
AMÉRICA CENTRAL Y CARIBE;Mujeres;Total Nacional;13 Madrid, Comunidad de;2021;58.314
AMÉRICA CENTRAL Y CARIBE;Mujeres;Total Nacional;13 Madrid, Comunidad de;2020;57.412
AMÉRICA CENTRAL Y CARIBE;Mujeres;Total Nacional;13 Madrid, Comunidad de;2019;49.211
AMÉRICA CENTRAL Y CARIBE;Mujeres;Total Nacional;13 Madrid, Comunidad de;2018;42.179
AMÉRICA CENTRAL Y CARIBE;Mujeres;Total Nacional;14 Murcia, Región de;2022;6.327
AMÉRICA CENTRAL Y CARIBE;Mujeres;Total Nacional;14 Murcia, Región de;2021;6.136
AMÉRICA CENTRAL Y CARIBE;Mujeres;Total Nacional;14 Murcia, Región de;2020;5.597
AMÉRICA CENTRAL Y CARIBE;Mujeres;Total Nacional;14 Murcia, Región de;2019;4.229
AMÉRICA CENTRAL Y CARIBE;Mujeres;Total Nacional;14 Murcia, Región de;2018;3.124
AMÉRICA CENTRAL Y CARIBE;Mujeres;Total Nacional;15 Navarra, Comunidad Foral de;2022;3.426
AMÉRICA CENTRAL Y CARIBE;Mujeres;Total Nacional;15 Navarra, Comunidad Foral de;2021;3.370
AMÉRICA CENTRAL Y CARIBE;Mujeres;Total Nacional;15 Navarra, Comunidad Foral de;2020;3.275
AMÉRICA CENTRAL Y CARIBE;Mujeres;Total Nacional;15 Navarra, Comunidad Foral de;2019;2.766
AMÉRICA CENTRAL Y CARIBE;Mujeres;Total Nacional;15 Navarra, Comunidad Foral de;2018;2.252
AMÉRICA CENTRAL Y CARIBE;Mujeres;Total Nacional;16 País Vasco;2022;17.132
AMÉRICA CENTRAL Y CARIBE;Mujeres;Total Nacional;16 País Vasco;2021;17.515
AMÉRICA CENTRAL Y CARIBE;Mujeres;Total Nacional;16 País Vasco;2020;17.242
AMÉRICA CENTRAL Y CARIBE;Mujeres;Total Nacional;16 País Vasco;2019;14.551
AMÉRICA CENTRAL Y CARIBE;Mujeres;Total Nacional;16 País Vasco;2018;12.218
AMÉRICA CENTRAL Y CARIBE;Mujeres;Total Nacional;17 Rioja, La;2022;920
AMÉRICA CENTRAL Y CARIBE;Mujeres;Total Nacional;17 Rioja, La;2021;885
AMÉRICA CENTRAL Y CARIBE;Mujeres;Total Nacional;17 Rioja, La;2020;855
AMÉRICA CENTRAL Y CARIBE;Mujeres;Total Nacional;17 Rioja, La;2019;631
AMÉRICA CENTRAL Y CARIBE;Mujeres;Total Nacional;17 Rioja, La;2018;498
AMÉRICA CENTRAL Y CARIBE;Mujeres;Total Nacional;18 Ceuta;2022;13
AMÉRICA CENTRAL Y CARIBE;Mujeres;Total Nacional;18 Ceuta;2021;12
AMÉRICA CENTRAL Y CARIBE;Mujeres;Total Nacional;18 Ceuta;2020;11
AMÉRICA CENTRAL Y CARIBE;Mujeres;Total Nacional;18 Ceuta;2019;9
AMÉRICA CENTRAL Y CARIBE;Mujeres;Total Nacional;18 Ceuta;2018;11
AMÉRICA CENTRAL Y CARIBE;Mujeres;Total Nacional;19 Melilla;2022;20
AMÉRICA CENTRAL Y CARIBE;Mujeres;Total Nacional;19 Melilla;2021;20
AMÉRICA CENTRAL Y CARIBE;Mujeres;Total Nacional;19 Melilla;2020;24
AMÉRICA CENTRAL Y CARIBE;Mujeres;Total Nacional;19 Melilla;2019;28
AMÉRICA CENTRAL Y CARIBE;Mujeres;Total Nacional;19 Melilla;2018;30
AMÉRICA DEL NORTE;Hombres;Total Nacional;01 Andalucía;2022;5.132
AMÉRICA DEL NORTE;Hombres;Total Nacional;01 Andalucía;2021;4.715
AMÉRICA DEL NORTE;Hombres;Total Nacional;01 Andalucía;2020;4.672
AMÉRICA DEL NORTE;Hombres;Total Nacional;01 Andalucía;2019;4.302
AMÉRICA DEL NORTE;Hombres;Total Nacional;01 Andalucía;2018;4.042
AMÉRICA DEL NORTE;Hombres;Total Nacional;02 Aragón;2022;484
AMÉRICA DEL NORTE;Hombres;Total Nacional;02 Aragón;2021;460
AMÉRICA DEL NORTE;Hombres;Total Nacional;02 Aragón;2020;485
AMÉRICA DEL NORTE;Hombres;Total Nacional;02 Aragón;2019;436
AMÉRICA DEL NORTE;Hombres;Total Nacional;02 Aragón;2018;441
AMÉRICA DEL NORTE;Hombres;Total Nacional;03 Asturias, Principado de;2022;470
AMÉRICA DEL NORTE;Hombres;Total Nacional;03 Asturias, Principado de;2021;482
AMÉRICA DEL NORTE;Hombres;Total Nacional;03 Asturias, Principado de;2020;488
AMÉRICA DEL NORTE;Hombres;Total Nacional;03 Asturias, Principado de;2019;437
AMÉRICA DEL NORTE;Hombres;Total Nacional;03 Asturias, Principado de;2018;425
AMÉRICA DEL NORTE;Hombres;Total Nacional;04 Balears, Illes;2022;988
AMÉRICA DEL NORTE;Hombres;Total Nacional;04 Balears, Illes;2021;927
AMÉRICA DEL NORTE;Hombres;Total Nacional;04 Balears, Illes;2020;919
AMÉRICA DEL NORTE;Hombres;Total Nacional;04 Balears, Illes;2019;894
AMÉRICA DEL NORTE;Hombres;Total Nacional;04 Balears, Illes;2018;836
AMÉRICA DEL NORTE;Hombres;Total Nacional;05 Canarias;2022;886
AMÉRICA DEL NORTE;Hombres;Total Nacional;05 Canarias;2021;880
AMÉRICA DEL NORTE;Hombres;Total Nacional;05 Canarias;2020;894
AMÉRICA DEL NORTE;Hombres;Total Nacional;05 Canarias;2019;884
AMÉRICA DEL NORTE;Hombres;Total Nacional;05 Canarias;2018;809
AMÉRICA DEL NORTE;Hombres;Total Nacional;06 Cantabria;2022;315
AMÉRICA DEL NORTE;Hombres;Total Nacional;06 Cantabria;2021;289
AMÉRICA DEL NORTE;Hombres;Total Nacional;06 Cantabria;2020;317
AMÉRICA DEL NORTE;Hombres;Total Nacional;06 Cantabria;2019;298
AMÉRICA DEL NORTE;Hombres;Total Nacional;06 Cantabria;2018;275
AMÉRICA DEL NORTE;Hombres;Total Nacional;07 Castilla y León;2022;758
AMÉRICA DEL NORTE;Hombres;Total Nacional;07 Castilla y León;2021;727
AMÉRICA DEL NORTE;Hombres;Total Nacional;07 Castilla y León;2020;719
AMÉRICA DEL NORTE;Hombres;Total Nacional;07 Castilla y León;2019;621
AMÉRICA DEL NORTE;Hombres;Total Nacional;07 Castilla y León;2018;593
AMÉRICA DEL NORTE;Hombres;Total Nacional;08 Castilla - La Mancha;2022;555
AMÉRICA DEL NORTE;Hombres;Total Nacional;08 Castilla - La Mancha;2021;498
AMÉRICA DEL NORTE;Hombres;Total Nacional;08 Castilla - La Mancha;2020;537
AMÉRICA DEL NORTE;Hombres;Total Nacional;08 Castilla - La Mancha;2019;486
AMÉRICA DEL NORTE;Hombres;Total Nacional;08 Castilla - La Mancha;2018;469
AMÉRICA DEL NORTE;Hombres;Total Nacional;09 Cataluña;2022;8.252
AMÉRICA DEL NORTE;Hombres;Total Nacional;09 Cataluña;2021;7.767
AMÉRICA DEL NORTE;Hombres;Total Nacional;09 Cataluña;2020;8.435
AMÉRICA DEL NORTE;Hombres;Total Nacional;09 Cataluña;2019;7.626
AMÉRICA DEL NORTE;Hombres;Total Nacional;09 Cataluña;2018;7.120
AMÉRICA DEL NORTE;Hombres;Total Nacional;10 Comunitat Valenciana;2022;3.448
AMÉRICA DEL NORTE;Hombres;Total Nacional;10 Comunitat Valenciana;2021;3.029
AMÉRICA DEL NORTE;Hombres;Total Nacional;10 Comunitat Valenciana;2020;3.065
AMÉRICA DEL NORTE;Hombres;Total Nacional;10 Comunitat Valenciana;2019;2.629
AMÉRICA DEL NORTE;Hombres;Total Nacional;10 Comunitat Valenciana;2018;2.266
AMÉRICA DEL NORTE;Hombres;Total Nacional;11 Extremadura;2022;171
AMÉRICA DEL NORTE;Hombres;Total Nacional;11 Extremadura;2021;159
AMÉRICA DEL NORTE;Hombres;Total Nacional;11 Extremadura;2020;184
AMÉRICA DEL NORTE;Hombres;Total Nacional;11 Extremadura;2019;183
AMÉRICA DEL NORTE;Hombres;Total Nacional;11 Extremadura;2018;169
AMÉRICA DEL NORTE;Hombres;Total Nacional;12 Galicia;2022;965
AMÉRICA DEL NORTE;Hombres;Total Nacional;12 Galicia;2021;873
AMÉRICA DEL NORTE;Hombres;Total Nacional;12 Galicia;2020;895
AMÉRICA DEL NORTE;Hombres;Total Nacional;12 Galicia;2019;837
AMÉRICA DEL NORTE;Hombres;Total Nacional;12 Galicia;2018;780
AMÉRICA DEL NORTE;Hombres;Total Nacional;13 Madrid, Comunidad de;2022;8.582
AMÉRICA DEL NORTE;Hombres;Total Nacional;13 Madrid, Comunidad de;2021;8.608
AMÉRICA DEL NORTE;Hombres;Total Nacional;13 Madrid, Comunidad de;2020;8.615
AMÉRICA DEL NORTE;Hombres;Total Nacional;13 Madrid, Comunidad de;2019;7.806
AMÉRICA DEL NORTE;Hombres;Total Nacional;13 Madrid, Comunidad de;2018;7.389
AMÉRICA DEL NORTE;Hombres;Total Nacional;14 Murcia, Región de;2022;395
AMÉRICA DEL NORTE;Hombres;Total Nacional;14 Murcia, Región de;2021;364
AMÉRICA DEL NORTE;Hombres;Total Nacional;14 Murcia, Región de;2020;408
AMÉRICA DEL NORTE;Hombres;Total Nacional;14 Murcia, Región de;2019;404
AMÉRICA DEL NORTE;Hombres;Total Nacional;14 Murcia, Región de;2018;337
AMÉRICA DEL NORTE;Hombres;Total Nacional;15 Navarra, Comunidad Foral de;2022;366
AMÉRICA DEL NORTE;Hombres;Total Nacional;15 Navarra, Comunidad Foral de;2021;340
AMÉRICA DEL NORTE;Hombres;Total Nacional;15 Navarra, Comunidad Foral de;2020;385
AMÉRICA DEL NORTE;Hombres;Total Nacional;15 Navarra, Comunidad Foral de;2019;379
AMÉRICA DEL NORTE;Hombres;Total Nacional;15 Navarra, Comunidad Foral de;2018;345
AMÉRICA DEL NORTE;Hombres;Total Nacional;16 País Vasco;2022;989
AMÉRICA DEL NORTE;Hombres;Total Nacional;16 País Vasco;2021;961
AMÉRICA DEL NORTE;Hombres;Total Nacional;16 País Vasco;2020;932
AMÉRICA DEL NORTE;Hombres;Total Nacional;16 País Vasco;2019;835
AMÉRICA DEL NORTE;Hombres;Total Nacional;16 País Vasco;2018;772
AMÉRICA DEL NORTE;Hombres;Total Nacional;17 Rioja, La;2022;106
AMÉRICA DEL NORTE;Hombres;Total Nacional;17 Rioja, La;2021;85
AMÉRICA DEL NORTE;Hombres;Total Nacional;17 Rioja, La;2020;84
AMÉRICA DEL NORTE;Hombres;Total Nacional;17 Rioja, La;2019;88
AMÉRICA DEL NORTE;Hombres;Total Nacional;17 Rioja, La;2018;82
AMÉRICA DEL NORTE;Hombres;Total Nacional;18 Ceuta;2022;3
AMÉRICA DEL NORTE;Hombres;Total Nacional;18 Ceuta;2021;3
AMÉRICA DEL NORTE;Hombres;Total Nacional;18 Ceuta;2020;3
AMÉRICA DEL NORTE;Hombres;Total Nacional;18 Ceuta;2019;5
AMÉRICA DEL NORTE;Hombres;Total Nacional;18 Ceuta;2018;4
AMÉRICA DEL NORTE;Hombres;Total Nacional;19 Melilla;2022;21
AMÉRICA DEL NORTE;Hombres;Total Nacional;19 Melilla;2021;21
AMÉRICA DEL NORTE;Hombres;Total Nacional;19 Melilla;2020;20
AMÉRICA DEL NORTE;Hombres;Total Nacional;19 Melilla;2019;16
AMÉRICA DEL NORTE;Hombres;Total Nacional;19 Melilla;2018;10
AMÉRICA DEL NORTE;Mujeres;Total Nacional;01 Andalucía;2022;6.314
AMÉRICA DEL NORTE;Mujeres;Total Nacional;01 Andalucía;2021;5.766
AMÉRICA DEL NORTE;Mujeres;Total Nacional;01 Andalucía;2020;5.662
AMÉRICA DEL NORTE;Mujeres;Total Nacional;01 Andalucía;2019;5.286
AMÉRICA DEL NORTE;Mujeres;Total Nacional;01 Andalucía;2018;4.919
AMÉRICA DEL NORTE;Mujeres;Total Nacional;02 Aragón;2022;547
AMÉRICA DEL NORTE;Mujeres;Total Nacional;02 Aragón;2021;581
AMÉRICA DEL NORTE;Mujeres;Total Nacional;02 Aragón;2020;595
AMÉRICA DEL NORTE;Mujeres;Total Nacional;02 Aragón;2019;541
AMÉRICA DEL NORTE;Mujeres;Total Nacional;02 Aragón;2018;502
AMÉRICA DEL NORTE;Mujeres;Total Nacional;03 Asturias, Principado de;2022;636
AMÉRICA DEL NORTE;Mujeres;Total Nacional;03 Asturias, Principado de;2021;556
AMÉRICA DEL NORTE;Mujeres;Total Nacional;03 Asturias, Principado de;2020;576
AMÉRICA DEL NORTE;Mujeres;Total Nacional;03 Asturias, Principado de;2019;524
AMÉRICA DEL NORTE;Mujeres;Total Nacional;03 Asturias, Principado de;2018;508
AMÉRICA DEL NORTE;Mujeres;Total Nacional;04 Balears, Illes;2022;1.363
AMÉRICA DEL NORTE;Mujeres;Total Nacional;04 Balears, Illes;2021;1.252
AMÉRICA DEL NORTE;Mujeres;Total Nacional;04 Balears, Illes;2020;1.212
AMÉRICA DEL NORTE;Mujeres;Total Nacional;04 Balears, Illes;2019;1.146
AMÉRICA DEL NORTE;Mujeres;Total Nacional;04 Balears, Illes;2018;1.108
AMÉRICA DEL NORTE;Mujeres;Total Nacional;05 Canarias;2022;1.088
AMÉRICA DEL NORTE;Mujeres;Total Nacional;05 Canarias;2021;1.087
AMÉRICA DEL NORTE;Mujeres;Total Nacional;05 Canarias;2020;1.152
AMÉRICA DEL NORTE;Mujeres;Total Nacional;05 Canarias;2019;1.076
AMÉRICA DEL NORTE;Mujeres;Total Nacional;05 Canarias;2018;975
AMÉRICA DEL NORTE;Mujeres;Total Nacional;06 Cantabria;2022;503
AMÉRICA DEL NORTE;Mujeres;Total Nacional;06 Cantabria;2021;461
AMÉRICA DEL NORTE;Mujeres;Total Nacional;06 Cantabria;2020;466
AMÉRICA DEL NORTE;Mujeres;Total Nacional;06 Cantabria;2019;410
AMÉRICA DEL NORTE;Mujeres;Total Nacional;06 Cantabria;2018;404
AMÉRICA DEL NORTE;Mujeres;Total Nacional;07 Castilla y León;2022;1.050
AMÉRICA DEL NORTE;Mujeres;Total Nacional;07 Castilla y León;2021;992
AMÉRICA DEL NORTE;Mujeres;Total Nacional;07 Castilla y León;2020;1.007
AMÉRICA DEL NORTE;Mujeres;Total Nacional;07 Castilla y León;2019;961
AMÉRICA DEL NORTE;Mujeres;Total Nacional;07 Castilla y León;2018;940
AMÉRICA DEL NORTE;Mujeres;Total Nacional;08 Castilla - La Mancha;2022;783
AMÉRICA DEL NORTE;Mujeres;Total Nacional;08 Castilla - La Mancha;2021;773
AMÉRICA DEL NORTE;Mujeres;Total Nacional;08 Castilla - La Mancha;2020;772
AMÉRICA DEL NORTE;Mujeres;Total Nacional;08 Castilla - La Mancha;2019;694
AMÉRICA DEL NORTE;Mujeres;Total Nacional;08 Castilla - La Mancha;2018;671
AMÉRICA DEL NORTE;Mujeres;Total Nacional;09 Cataluña;2022;10.080
AMÉRICA DEL NORTE;Mujeres;Total Nacional;09 Cataluña;2021;9.606
AMÉRICA DEL NORTE;Mujeres;Total Nacional;09 Cataluña;2020;10.465
AMÉRICA DEL NORTE;Mujeres;Total Nacional;09 Cataluña;2019;9.516
AMÉRICA DEL NORTE;Mujeres;Total Nacional;09 Cataluña;2018;9.020
AMÉRICA DEL NORTE;Mujeres;Total Nacional;10 Comunitat Valenciana;2022;4.175
AMÉRICA DEL NORTE;Mujeres;Total Nacional;10 Comunitat Valenciana;2021;3.624
AMÉRICA DEL NORTE;Mujeres;Total Nacional;10 Comunitat Valenciana;2020;3.703
AMÉRICA DEL NORTE;Mujeres;Total Nacional;10 Comunitat Valenciana;2019;3.268
AMÉRICA DEL NORTE;Mujeres;Total Nacional;10 Comunitat Valenciana;2018;2.824
AMÉRICA DEL NORTE;Mujeres;Total Nacional;11 Extremadura;2022;345
AMÉRICA DEL NORTE;Mujeres;Total Nacional;11 Extremadura;2021;325
AMÉRICA DEL NORTE;Mujeres;Total Nacional;11 Extremadura;2020;344
AMÉRICA DEL NORTE;Mujeres;Total Nacional;11 Extremadura;2019;370
AMÉRICA DEL NORTE;Mujeres;Total Nacional;11 Extremadura;2018;353
AMÉRICA DEL NORTE;Mujeres;Total Nacional;12 Galicia;2022;1.592
AMÉRICA DEL NORTE;Mujeres;Total Nacional;12 Galicia;2021;1.463
AMÉRICA DEL NORTE;Mujeres;Total Nacional;12 Galicia;2020;1.531
AMÉRICA DEL NORTE;Mujeres;Total Nacional;12 Galicia;2019;1.440
AMÉRICA DEL NORTE;Mujeres;Total Nacional;12 Galicia;2018;1.322
AMÉRICA DEL NORTE;Mujeres;Total Nacional;13 Madrid, Comunidad de;2022;12.525
AMÉRICA DEL NORTE;Mujeres;Total Nacional;13 Madrid, Comunidad de;2021;12.324
AMÉRICA DEL NORTE;Mujeres;Total Nacional;13 Madrid, Comunidad de;2020;12.254
AMÉRICA DEL NORTE;Mujeres;Total Nacional;13 Madrid, Comunidad de;2019;11.054
AMÉRICA DEL NORTE;Mujeres;Total Nacional;13 Madrid, Comunidad de;2018;10.147
AMÉRICA DEL NORTE;Mujeres;Total Nacional;14 Murcia, Región de;2022;617
AMÉRICA DEL NORTE;Mujeres;Total Nacional;14 Murcia, Región de;2021;531
AMÉRICA DEL NORTE;Mujeres;Total Nacional;14 Murcia, Región de;2020;575
AMÉRICA DEL NORTE;Mujeres;Total Nacional;14 Murcia, Región de;2019;612
AMÉRICA DEL NORTE;Mujeres;Total Nacional;14 Murcia, Región de;2018;531
AMÉRICA DEL NORTE;Mujeres;Total Nacional;15 Navarra, Comunidad Foral de;2022;521
AMÉRICA DEL NORTE;Mujeres;Total Nacional;15 Navarra, Comunidad Foral de;2021;488
AMÉRICA DEL NORTE;Mujeres;Total Nacional;15 Navarra, Comunidad Foral de;2020;517
AMÉRICA DEL NORTE;Mujeres;Total Nacional;15 Navarra, Comunidad Foral de;2019;530
AMÉRICA DEL NORTE;Mujeres;Total Nacional;15 Navarra, Comunidad Foral de;2018;473
AMÉRICA DEL NORTE;Mujeres;Total Nacional;16 País Vasco;2022;1.375
AMÉRICA DEL NORTE;Mujeres;Total Nacional;16 País Vasco;2021;1.313
AMÉRICA DEL NORTE;Mujeres;Total Nacional;16 País Vasco;2020;1.337
AMÉRICA DEL NORTE;Mujeres;Total Nacional;16 País Vasco;2019;1.222
AMÉRICA DEL NORTE;Mujeres;Total Nacional;16 País Vasco;2018;1.106
AMÉRICA DEL NORTE;Mujeres;Total Nacional;17 Rioja, La;2022;192
AMÉRICA DEL NORTE;Mujeres;Total Nacional;17 Rioja, La;2021;182
AMÉRICA DEL NORTE;Mujeres;Total Nacional;17 Rioja, La;2020;205
AMÉRICA DEL NORTE;Mujeres;Total Nacional;17 Rioja, La;2019;173
AMÉRICA DEL NORTE;Mujeres;Total Nacional;17 Rioja, La;2018;154
AMÉRICA DEL NORTE;Mujeres;Total Nacional;18 Ceuta;2022;9
AMÉRICA DEL NORTE;Mujeres;Total Nacional;18 Ceuta;2021;10
AMÉRICA DEL NORTE;Mujeres;Total Nacional;18 Ceuta;2020;9
AMÉRICA DEL NORTE;Mujeres;Total Nacional;18 Ceuta;2019;8
AMÉRICA DEL NORTE;Mujeres;Total Nacional;18 Ceuta;2018;7
AMÉRICA DEL NORTE;Mujeres;Total Nacional;19 Melilla;2022;27
AMÉRICA DEL NORTE;Mujeres;Total Nacional;19 Melilla;2021;29
AMÉRICA DEL NORTE;Mujeres;Total Nacional;19 Melilla;2020;29
AMÉRICA DEL NORTE;Mujeres;Total Nacional;19 Melilla;2019;22
AMÉRICA DEL NORTE;Mujeres;Total Nacional;19 Melilla;2018;19
AMÉRICA DEL SUR;Hombres;Total Nacional;01 Andalucía;2022;43.337
AMÉRICA DEL SUR;Hombres;Total Nacional;01 Andalucía;2021;41.160
AMÉRICA DEL SUR;Hombres;Total Nacional;01 Andalucía;2020;40.221
AMÉRICA DEL SUR;Hombres;Total Nacional;01 Andalucía;2019;33.856
AMÉRICA DEL SUR;Hombres;Total Nacional;01 Andalucía;2018;30.166
AMÉRICA DEL SUR;Hombres;Total Nacional;02 Aragón;2022;10.306
AMÉRICA DEL SUR;Hombres;Total Nacional;02 Aragón;2021;9.815
AMÉRICA DEL SUR;Hombres;Total Nacional;02 Aragón;2020;9.388
AMÉRICA DEL SUR;Hombres;Total Nacional;02 Aragón;2019;7.707
AMÉRICA DEL SUR;Hombres;Total Nacional;02 Aragón;2018;6.693
AMÉRICA DEL SUR;Hombres;Total Nacional;03 Asturias, Principado de;2022;5.844
AMÉRICA DEL SUR;Hombres;Total Nacional;03 Asturias, Principado de;2021;5.588
AMÉRICA DEL SUR;Hombres;Total Nacional;03 Asturias, Principado de;2020;5.387
AMÉRICA DEL SUR;Hombres;Total Nacional;03 Asturias, Principado de;2019;4.267
AMÉRICA DEL SUR;Hombres;Total Nacional;03 Asturias, Principado de;2018;3.804
AMÉRICA DEL SUR;Hombres;Total Nacional;04 Balears, Illes;2022;22.667
AMÉRICA DEL SUR;Hombres;Total Nacional;04 Balears, Illes;2021;22.900
AMÉRICA DEL SUR;Hombres;Total Nacional;04 Balears, Illes;2020;23.020
AMÉRICA DEL SUR;Hombres;Total Nacional;04 Balears, Illes;2019;19.733
AMÉRICA DEL SUR;Hombres;Total Nacional;04 Balears, Illes;2018;17.310
AMÉRICA DEL SUR;Hombres;Total Nacional;05 Canarias;2022;22.754
AMÉRICA DEL SUR;Hombres;Total Nacional;05 Canarias;2021;23.373
AMÉRICA DEL SUR;Hombres;Total Nacional;05 Canarias;2020;23.865
AMÉRICA DEL SUR;Hombres;Total Nacional;05 Canarias;2019;20.578
AMÉRICA DEL SUR;Hombres;Total Nacional;05 Canarias;2018;17.620
AMÉRICA DEL SUR;Hombres;Total Nacional;06 Cantabria;2022;4.953
AMÉRICA DEL SUR;Hombres;Total Nacional;06 Cantabria;2021;4.698
AMÉRICA DEL SUR;Hombres;Total Nacional;06 Cantabria;2020;4.561
AMÉRICA DEL SUR;Hombres;Total Nacional;06 Cantabria;2019;3.775
AMÉRICA DEL SUR;Hombres;Total Nacional;06 Cantabria;2018;3.357
AMÉRICA DEL SUR;Hombres;Total Nacional;07 Castilla y León;2022;13.841
AMÉRICA DEL SUR;Hombres;Total Nacional;07 Castilla y León;2021;13.187
AMÉRICA DEL SUR;Hombres;Total Nacional;07 Castilla y León;2020;12.310
AMÉRICA DEL SUR;Hombres;Total Nacional;07 Castilla y León;2019;9.553
AMÉRICA DEL SUR;Hombres;Total Nacional;07 Castilla y León;2018;8.065
AMÉRICA DEL SUR;Hombres;Total Nacional;08 Castilla - La Mancha;2022;18.376
AMÉRICA DEL SUR;Hombres;Total Nacional;08 Castilla - La Mancha;2021;17.511
AMÉRICA DEL SUR;Hombres;Total Nacional;08 Castilla - La Mancha;2020;16.531
AMÉRICA DEL SUR;Hombres;Total Nacional;08 Castilla - La Mancha;2019;13.069
AMÉRICA DEL SUR;Hombres;Total Nacional;08 Castilla - La Mancha;2018;11.127
AMÉRICA DEL SUR;Hombres;Total Nacional;09 Cataluña;2022;112.828
AMÉRICA DEL SUR;Hombres;Total Nacional;09 Cataluña;2021;109.351
AMÉRICA DEL SUR;Hombres;Total Nacional;09 Cataluña;2020;109.965
AMÉRICA DEL SUR;Hombres;Total Nacional;09 Cataluña;2019;95.056
AMÉRICA DEL SUR;Hombres;Total Nacional;09 Cataluña;2018;85.611
AMÉRICA DEL SUR;Hombres;Total Nacional;10 Comunitat Valenciana;2022;61.618
AMÉRICA DEL SUR;Hombres;Total Nacional;10 Comunitat Valenciana;2021;57.239
AMÉRICA DEL SUR;Hombres;Total Nacional;10 Comunitat Valenciana;2020;55.890
AMÉRICA DEL SUR;Hombres;Total Nacional;10 Comunitat Valenciana;2019;46.653
AMÉRICA DEL SUR;Hombres;Total Nacional;10 Comunitat Valenciana;2018;40.686
AMÉRICA DEL SUR;Hombres;Total Nacional;11 Extremadura;2022;2.394
AMÉRICA DEL SUR;Hombres;Total Nacional;11 Extremadura;2021;2.287
AMÉRICA DEL SUR;Hombres;Total Nacional;11 Extremadura;2020;2.173
AMÉRICA DEL SUR;Hombres;Total Nacional;11 Extremadura;2019;1.776
AMÉRICA DEL SUR;Hombres;Total Nacional;11 Extremadura;2018;1.575
AMÉRICA DEL SUR;Hombres;Total Nacional;12 Galicia;2022;18.408
AMÉRICA DEL SUR;Hombres;Total Nacional;12 Galicia;2021;17.149
AMÉRICA DEL SUR;Hombres;Total Nacional;12 Galicia;2020;16.570
AMÉRICA DEL SUR;Hombres;Total Nacional;12 Galicia;2019;13.313
AMÉRICA DEL SUR;Hombres;Total Nacional;12 Galicia;2018;10.849
AMÉRICA DEL SUR;Hombres;Total Nacional;13 Madrid, Comunidad de;2022;133.314
AMÉRICA DEL SUR;Hombres;Total Nacional;13 Madrid, Comunidad de;2021;129.932
AMÉRICA DEL SUR;Hombres;Total Nacional;13 Madrid, Comunidad de;2020;126.131
AMÉRICA DEL SUR;Hombres;Total Nacional;13 Madrid, Comunidad de;2019;106.524
AMÉRICA DEL SUR;Hombres;Total Nacional;13 Madrid, Comunidad de;2018;93.482
AMÉRICA DEL SUR;Hombres;Total Nacional;14 Murcia, Región de;2022;21.102
AMÉRICA DEL SUR;Hombres;Total Nacional;14 Murcia, Región de;2021;21.232
AMÉRICA DEL SUR;Hombres;Total Nacional;14 Murcia, Región de;2020;21.720
AMÉRICA DEL SUR;Hombres;Total Nacional;14 Murcia, Región de;2019;20.856
AMÉRICA DEL SUR;Hombres;Total Nacional;14 Murcia, Región de;2018;20.991
AMÉRICA DEL SUR;Hombres;Total Nacional;15 Navarra, Comunidad Foral de;2022;7.646
AMÉRICA DEL SUR;Hombres;Total Nacional;15 Navarra, Comunidad Foral de;2021;7.244
AMÉRICA DEL SUR;Hombres;Total Nacional;15 Navarra, Comunidad Foral de;2020;7.049
AMÉRICA DEL SUR;Hombres;Total Nacional;15 Navarra, Comunidad Foral de;2019;5.794
AMÉRICA DEL SUR;Hombres;Total Nacional;15 Navarra, Comunidad Foral de;2018;4.924
AMÉRICA DEL SUR;Hombres;Total Nacional;16 País Vasco;2022;20.859
AMÉRICA DEL SUR;Hombres;Total Nacional;16 País Vasco;2021;20.047
AMÉRICA DEL SUR;Hombres;Total Nacional;16 País Vasco;2020;19.122
AMÉRICA DEL SUR;Hombres;Total Nacional;16 País Vasco;2019;16.069
AMÉRICA DEL SUR;Hombres;Total Nacional;16 País Vasco;2018;14.198
AMÉRICA DEL SUR;Hombres;Total Nacional;17 Rioja, La;2022;3.313
AMÉRICA DEL SUR;Hombres;Total Nacional;17 Rioja, La;2021;3.199
AMÉRICA DEL SUR;Hombres;Total Nacional;17 Rioja, La;2020;2.984
AMÉRICA DEL SUR;Hombres;Total Nacional;17 Rioja, La;2019;2.450
AMÉRICA DEL SUR;Hombres;Total Nacional;17 Rioja, La;2018;2.190
AMÉRICA DEL SUR;Hombres;Total Nacional;18 Ceuta;2022;25
AMÉRICA DEL SUR;Hombres;Total Nacional;18 Ceuta;2021;22
AMÉRICA DEL SUR;Hombres;Total Nacional;18 Ceuta;2020;22
AMÉRICA DEL SUR;Hombres;Total Nacional;18 Ceuta;2019;25
AMÉRICA DEL SUR;Hombres;Total Nacional;18 Ceuta;2018;23
AMÉRICA DEL SUR;Hombres;Total Nacional;19 Melilla;2022;59
AMÉRICA DEL SUR;Hombres;Total Nacional;19 Melilla;2021;51
AMÉRICA DEL SUR;Hombres;Total Nacional;19 Melilla;2020;54
AMÉRICA DEL SUR;Hombres;Total Nacional;19 Melilla;2019;45
AMÉRICA DEL SUR;Hombres;Total Nacional;19 Melilla;2018;42
AMÉRICA DEL SUR;Mujeres;Total Nacional;01 Andalucía;2022;59.601
AMÉRICA DEL SUR;Mujeres;Total Nacional;01 Andalucía;2021;56.738
AMÉRICA DEL SUR;Mujeres;Total Nacional;01 Andalucía;2020;55.077
AMÉRICA DEL SUR;Mujeres;Total Nacional;01 Andalucía;2019;46.992
AMÉRICA DEL SUR;Mujeres;Total Nacional;01 Andalucía;2018;41.972
AMÉRICA DEL SUR;Mujeres;Total Nacional;02 Aragón;2022;12.633
AMÉRICA DEL SUR;Mujeres;Total Nacional;02 Aragón;2021;12.116
AMÉRICA DEL SUR;Mujeres;Total Nacional;02 Aragón;2020;11.976
AMÉRICA DEL SUR;Mujeres;Total Nacional;02 Aragón;2019;9.888
AMÉRICA DEL SUR;Mujeres;Total Nacional;02 Aragón;2018;8.532
AMÉRICA DEL SUR;Mujeres;Total Nacional;03 Asturias, Principado de;2022;9.094
AMÉRICA DEL SUR;Mujeres;Total Nacional;03 Asturias, Principado de;2021;8.727
AMÉRICA DEL SUR;Mujeres;Total Nacional;03 Asturias, Principado de;2020;8.489
AMÉRICA DEL SUR;Mujeres;Total Nacional;03 Asturias, Principado de;2019;7.104
AMÉRICA DEL SUR;Mujeres;Total Nacional;03 Asturias, Principado de;2018;6.448
AMÉRICA DEL SUR;Mujeres;Total Nacional;04 Balears, Illes;2022;25.788
AMÉRICA DEL SUR;Mujeres;Total Nacional;04 Balears, Illes;2021;25.854
AMÉRICA DEL SUR;Mujeres;Total Nacional;04 Balears, Illes;2020;26.020
AMÉRICA DEL SUR;Mujeres;Total Nacional;04 Balears, Illes;2019;22.492
AMÉRICA DEL SUR;Mujeres;Total Nacional;04 Balears, Illes;2018;19.996
AMÉRICA DEL SUR;Mujeres;Total Nacional;05 Canarias;2022;29.340
AMÉRICA DEL SUR;Mujeres;Total Nacional;05 Canarias;2021;29.975
AMÉRICA DEL SUR;Mujeres;Total Nacional;05 Canarias;2020;30.400
AMÉRICA DEL SUR;Mujeres;Total Nacional;05 Canarias;2019;26.187
AMÉRICA DEL SUR;Mujeres;Total Nacional;05 Canarias;2018;22.245
AMÉRICA DEL SUR;Mujeres;Total Nacional;06 Cantabria;2022;7.228
AMÉRICA DEL SUR;Mujeres;Total Nacional;06 Cantabria;2021;7.023
AMÉRICA DEL SUR;Mujeres;Total Nacional;06 Cantabria;2020;6.880
AMÉRICA DEL SUR;Mujeres;Total Nacional;06 Cantabria;2019;5.826
AMÉRICA DEL SUR;Mujeres;Total Nacional;06 Cantabria;2018;5.213
AMÉRICA DEL SUR;Mujeres;Total Nacional;07 Castilla y León;2022;19.230
AMÉRICA DEL SUR;Mujeres;Total Nacional;07 Castilla y León;2021;18.333
AMÉRICA DEL SUR;Mujeres;Total Nacional;07 Castilla y León;2020;17.438
AMÉRICA DEL SUR;Mujeres;Total Nacional;07 Castilla y León;2019;13.882
AMÉRICA DEL SUR;Mujeres;Total Nacional;07 Castilla y León;2018;11.949
AMÉRICA DEL SUR;Mujeres;Total Nacional;08 Castilla - La Mancha;2022;23.073
AMÉRICA DEL SUR;Mujeres;Total Nacional;08 Castilla - La Mancha;2021;21.933
AMÉRICA DEL SUR;Mujeres;Total Nacional;08 Castilla - La Mancha;2020;20.838
AMÉRICA DEL SUR;Mujeres;Total Nacional;08 Castilla - La Mancha;2019;16.883
AMÉRICA DEL SUR;Mujeres;Total Nacional;08 Castilla - La Mancha;2018;14.384
AMÉRICA DEL SUR;Mujeres;Total Nacional;09 Cataluña;2022;134.993
AMÉRICA DEL SUR;Mujeres;Total Nacional;09 Cataluña;2021;132.025
AMÉRICA DEL SUR;Mujeres;Total Nacional;09 Cataluña;2020;134.836
AMÉRICA DEL SUR;Mujeres;Total Nacional;09 Cataluña;2019;117.862
AMÉRICA DEL SUR;Mujeres;Total Nacional;09 Cataluña;2018;106.488
AMÉRICA DEL SUR;Mujeres;Total Nacional;10 Comunitat Valenciana;2022;75.121
AMÉRICA DEL SUR;Mujeres;Total Nacional;10 Comunitat Valenciana;2021;69.455
AMÉRICA DEL SUR;Mujeres;Total Nacional;10 Comunitat Valenciana;2020;68.150
AMÉRICA DEL SUR;Mujeres;Total Nacional;10 Comunitat Valenciana;2019;57.401
AMÉRICA DEL SUR;Mujeres;Total Nacional;10 Comunitat Valenciana;2018;49.609
AMÉRICA DEL SUR;Mujeres;Total Nacional;11 Extremadura;2022;3.957
AMÉRICA DEL SUR;Mujeres;Total Nacional;11 Extremadura;2021;3.859
AMÉRICA DEL SUR;Mujeres;Total Nacional;11 Extremadura;2020;3.701
AMÉRICA DEL SUR;Mujeres;Total Nacional;11 Extremadura;2019;3.163
AMÉRICA DEL SUR;Mujeres;Total Nacional;11 Extremadura;2018;2.950
AMÉRICA DEL SUR;Mujeres;Total Nacional;12 Galicia;2022;27.933
AMÉRICA DEL SUR;Mujeres;Total Nacional;12 Galicia;2021;26.482
AMÉRICA DEL SUR;Mujeres;Total Nacional;12 Galicia;2020;25.646
AMÉRICA DEL SUR;Mujeres;Total Nacional;12 Galicia;2019;21.202
AMÉRICA DEL SUR;Mujeres;Total Nacional;12 Galicia;2018;18.006
AMÉRICA DEL SUR;Mujeres;Total Nacional;13 Madrid, Comunidad de;2022;159.624
AMÉRICA DEL SUR;Mujeres;Total Nacional;13 Madrid, Comunidad de;2021;157.314
AMÉRICA DEL SUR;Mujeres;Total Nacional;13 Madrid, Comunidad de;2020;155.541
AMÉRICA DEL SUR;Mujeres;Total Nacional;13 Madrid, Comunidad de;2019;132.607
AMÉRICA DEL SUR;Mujeres;Total Nacional;13 Madrid, Comunidad de;2018;116.752
AMÉRICA DEL SUR;Mujeres;Total Nacional;14 Murcia, Región de;2022;22.438
AMÉRICA DEL SUR;Mujeres;Total Nacional;14 Murcia, Región de;2021;22.493
AMÉRICA DEL SUR;Mujeres;Total Nacional;14 Murcia, Región de;2020;23.360
AMÉRICA DEL SUR;Mujeres;Total Nacional;14 Murcia, Región de;2019;22.323
AMÉRICA DEL SUR;Mujeres;Total Nacional;14 Murcia, Región de;2018;21.945
AMÉRICA DEL SUR;Mujeres;Total Nacional;15 Navarra, Comunidad Foral de;2022;9.215
AMÉRICA DEL SUR;Mujeres;Total Nacional;15 Navarra, Comunidad Foral de;2021;8.660
AMÉRICA DEL SUR;Mujeres;Total Nacional;15 Navarra, Comunidad Foral de;2020;8.511
AMÉRICA DEL SUR;Mujeres;Total Nacional;15 Navarra, Comunidad Foral de;2019;6.935
AMÉRICA DEL SUR;Mujeres;Total Nacional;15 Navarra, Comunidad Foral de;2018;5.861
AMÉRICA DEL SUR;Mujeres;Total Nacional;16 País Vasco;2022;26.602
AMÉRICA DEL SUR;Mujeres;Total Nacional;16 País Vasco;2021;25.934
AMÉRICA DEL SUR;Mujeres;Total Nacional;16 País Vasco;2020;25.642
AMÉRICA DEL SUR;Mujeres;Total Nacional;16 País Vasco;2019;21.957
AMÉRICA DEL SUR;Mujeres;Total Nacional;16 País Vasco;2018;19.984
AMÉRICA DEL SUR;Mujeres;Total Nacional;17 Rioja, La;2022;4.256
AMÉRICA DEL SUR;Mujeres;Total Nacional;17 Rioja, La;2021;4.126
AMÉRICA DEL SUR;Mujeres;Total Nacional;17 Rioja, La;2020;3.906
AMÉRICA DEL SUR;Mujeres;Total Nacional;17 Rioja, La;2019;3.272
AMÉRICA DEL SUR;Mujeres;Total Nacional;17 Rioja, La;2018;2.963
AMÉRICA DEL SUR;Mujeres;Total Nacional;18 Ceuta;2022;59
AMÉRICA DEL SUR;Mujeres;Total Nacional;18 Ceuta;2021;59
AMÉRICA DEL SUR;Mujeres;Total Nacional;18 Ceuta;2020;65
AMÉRICA DEL SUR;Mujeres;Total Nacional;18 Ceuta;2019;76
AMÉRICA DEL SUR;Mujeres;Total Nacional;18 Ceuta;2018;68
AMÉRICA DEL SUR;Mujeres;Total Nacional;19 Melilla;2022;71
AMÉRICA DEL SUR;Mujeres;Total Nacional;19 Melilla;2021;74
AMÉRICA DEL SUR;Mujeres;Total Nacional;19 Melilla;2020;78
AMÉRICA DEL SUR;Mujeres;Total Nacional;19 Melilla;2019;80
AMÉRICA DEL SUR;Mujeres;Total Nacional;19 Melilla;2018;86
ASIA;Hombres;Total Nacional;01 Andalucía;2022;21.794
ASIA;Hombres;Total Nacional;01 Andalucía;2021;21.769
ASIA;Hombres;Total Nacional;01 Andalucía;2020;22.142
ASIA;Hombres;Total Nacional;01 Andalucía;2019;21.177
ASIA;Hombres;Total Nacional;01 Andalucía;2018;20.210
ASIA;Hombres;Total Nacional;02 Aragón;2022;5.981
ASIA;Hombres;Total Nacional;02 Aragón;2021;5.888
ASIA;Hombres;Total Nacional;02 Aragón;2020;5.846
ASIA;Hombres;Total Nacional;02 Aragón;2019;5.317
ASIA;Hombres;Total Nacional;02 Aragón;2018;4.874
ASIA;Hombres;Total Nacional;03 Asturias, Principado de;2022;1.368
ASIA;Hombres;Total Nacional;03 Asturias, Principado de;2021;1.353
ASIA;Hombres;Total Nacional;03 Asturias, Principado de;2020;1.397
ASIA;Hombres;Total Nacional;03 Asturias, Principado de;2019;1.351
ASIA;Hombres;Total Nacional;03 Asturias, Principado de;2018;1.327
ASIA;Hombres;Total Nacional;04 Balears, Illes;2022;8.071
ASIA;Hombres;Total Nacional;04 Balears, Illes;2021;8.597
ASIA;Hombres;Total Nacional;04 Balears, Illes;2020;8.657
ASIA;Hombres;Total Nacional;04 Balears, Illes;2019;8.064
ASIA;Hombres;Total Nacional;04 Balears, Illes;2018;7.387
ASIA;Hombres;Total Nacional;05 Canarias;2022;9.590
ASIA;Hombres;Total Nacional;05 Canarias;2021;10.064
ASIA;Hombres;Total Nacional;05 Canarias;2020;10.310
ASIA;Hombres;Total Nacional;05 Canarias;2019;9.991
ASIA;Hombres;Total Nacional;05 Canarias;2018;9.682
ASIA;Hombres;Total Nacional;06 Cantabria;2022;1.127
ASIA;Hombres;Total Nacional;06 Cantabria;2021;1.086
ASIA;Hombres;Total Nacional;06 Cantabria;2020;1.078
ASIA;Hombres;Total Nacional;06 Cantabria;2019;1.056
ASIA;Hombres;Total Nacional;06 Cantabria;2018;1.029
ASIA;Hombres;Total Nacional;07 Castilla y León;2022;3.838
ASIA;Hombres;Total Nacional;07 Castilla y León;2021;3.783
ASIA;Hombres;Total Nacional;07 Castilla y León;2020;3.815
ASIA;Hombres;Total Nacional;07 Castilla y León;2019;3.561
ASIA;Hombres;Total Nacional;07 Castilla y León;2018;3.332
ASIA;Hombres;Total Nacional;08 Castilla - La Mancha;2022;4.955
ASIA;Hombres;Total Nacional;08 Castilla - La Mancha;2021;5.028
ASIA;Hombres;Total Nacional;08 Castilla - La Mancha;2020;5.067
ASIA;Hombres;Total Nacional;08 Castilla - La Mancha;2019;4.781
ASIA;Hombres;Total Nacional;08 Castilla - La Mancha;2018;4.457
ASIA;Hombres;Total Nacional;09 Cataluña;2022;106.250
ASIA;Hombres;Total Nacional;09 Cataluña;2021;108.523
ASIA;Hombres;Total Nacional;09 Cataluña;2020;110.033
ASIA;Hombres;Total Nacional;09 Cataluña;2019;100.718
ASIA;Hombres;Total Nacional;09 Cataluña;2018;92.698
ASIA;Hombres;Total Nacional;10 Comunitat Valenciana;2022;32.397
ASIA;Hombres;Total Nacional;10 Comunitat Valenciana;2021;32.708
ASIA;Hombres;Total Nacional;10 Comunitat Valenciana;2020;33.600
ASIA;Hombres;Total Nacional;10 Comunitat Valenciana;2019;31.477
ASIA;Hombres;Total Nacional;10 Comunitat Valenciana;2018;29.683
ASIA;Hombres;Total Nacional;11 Extremadura;2022;1.306
ASIA;Hombres;Total Nacional;11 Extremadura;2021;1.298
ASIA;Hombres;Total Nacional;11 Extremadura;2020;1.271
ASIA;Hombres;Total Nacional;11 Extremadura;2019;1.275
ASIA;Hombres;Total Nacional;11 Extremadura;2018;1.262
ASIA;Hombres;Total Nacional;12 Galicia;2022;3.460
ASIA;Hombres;Total Nacional;12 Galicia;2021;3.260
ASIA;Hombres;Total Nacional;12 Galicia;2020;3.122
ASIA;Hombres;Total Nacional;12 Galicia;2019;2.958
ASIA;Hombres;Total Nacional;12 Galicia;2018;2.833
ASIA;Hombres;Total Nacional;13 Madrid, Comunidad de;2022;51.164
ASIA;Hombres;Total Nacional;13 Madrid, Comunidad de;2021;53.522
ASIA;Hombres;Total Nacional;13 Madrid, Comunidad de;2020;54.016
ASIA;Hombres;Total Nacional;13 Madrid, Comunidad de;2019;51.389
ASIA;Hombres;Total Nacional;13 Madrid, Comunidad de;2018;48.994
ASIA;Hombres;Total Nacional;14 Murcia, Región de;2022;4.845
ASIA;Hombres;Total Nacional;14 Murcia, Región de;2021;4.793
ASIA;Hombres;Total Nacional;14 Murcia, Región de;2020;4.813
ASIA;Hombres;Total Nacional;14 Murcia, Región de;2019;4.645
ASIA;Hombres;Total Nacional;14 Murcia, Región de;2018;4.395
ASIA;Hombres;Total Nacional;15 Navarra, Comunidad Foral de;2022;1.894
ASIA;Hombres;Total Nacional;15 Navarra, Comunidad Foral de;2021;1.792
ASIA;Hombres;Total Nacional;15 Navarra, Comunidad Foral de;2020;1.783
ASIA;Hombres;Total Nacional;15 Navarra, Comunidad Foral de;2019;1.622
ASIA;Hombres;Total Nacional;15 Navarra, Comunidad Foral de;2018;1.474
ASIA;Hombres;Total Nacional;16 País Vasco;2022;8.881
ASIA;Hombres;Total Nacional;16 País Vasco;2021;8.855
ASIA;Hombres;Total Nacional;16 País Vasco;2020;8.764
ASIA;Hombres;Total Nacional;16 País Vasco;2019;8.305
ASIA;Hombres;Total Nacional;16 País Vasco;2018;8.107
ASIA;Hombres;Total Nacional;17 Rioja, La;2022;1.834
ASIA;Hombres;Total Nacional;17 Rioja, La;2021;1.836
ASIA;Hombres;Total Nacional;17 Rioja, La;2020;1.855
ASIA;Hombres;Total Nacional;17 Rioja, La;2019;1.779
ASIA;Hombres;Total Nacional;17 Rioja, La;2018;1.787
ASIA;Hombres;Total Nacional;18 Ceuta;2022;87
ASIA;Hombres;Total Nacional;18 Ceuta;2021;82
ASIA;Hombres;Total Nacional;18 Ceuta;2020;83
ASIA;Hombres;Total Nacional;18 Ceuta;2019;85
ASIA;Hombres;Total Nacional;18 Ceuta;2018;95
ASIA;Hombres;Total Nacional;19 Melilla;2022;38
ASIA;Hombres;Total Nacional;19 Melilla;2021;42
ASIA;Hombres;Total Nacional;19 Melilla;2020;40
ASIA;Hombres;Total Nacional;19 Melilla;2019;33
ASIA;Hombres;Total Nacional;19 Melilla;2018;37
ASIA;Mujeres;Total Nacional;01 Andalucía;2022;20.017
ASIA;Mujeres;Total Nacional;01 Andalucía;2021;19.657
ASIA;Mujeres;Total Nacional;01 Andalucía;2020;19.673
ASIA;Mujeres;Total Nacional;01 Andalucía;2019;18.679
ASIA;Mujeres;Total Nacional;01 Andalucía;2018;17.764
ASIA;Mujeres;Total Nacional;02 Aragón;2022;4.535
ASIA;Mujeres;Total Nacional;02 Aragón;2021;4.325
ASIA;Mujeres;Total Nacional;02 Aragón;2020;4.307
ASIA;Mujeres;Total Nacional;02 Aragón;2019;4.035
ASIA;Mujeres;Total Nacional;02 Aragón;2018;3.712
ASIA;Mujeres;Total Nacional;03 Asturias, Principado de;2022;1.282
ASIA;Mujeres;Total Nacional;03 Asturias, Principado de;2021;1.277
ASIA;Mujeres;Total Nacional;03 Asturias, Principado de;2020;1.253
ASIA;Mujeres;Total Nacional;03 Asturias, Principado de;2019;1.206
ASIA;Mujeres;Total Nacional;03 Asturias, Principado de;2018;1.182
ASIA;Mujeres;Total Nacional;04 Balears, Illes;2022;6.577
ASIA;Mujeres;Total Nacional;04 Balears, Illes;2021;6.598
ASIA;Mujeres;Total Nacional;04 Balears, Illes;2020;6.495
ASIA;Mujeres;Total Nacional;04 Balears, Illes;2019;6.110
ASIA;Mujeres;Total Nacional;04 Balears, Illes;2018;5.681
ASIA;Mujeres;Total Nacional;05 Canarias;2022;9.250
ASIA;Mujeres;Total Nacional;05 Canarias;2021;9.502
ASIA;Mujeres;Total Nacional;05 Canarias;2020;9.655
ASIA;Mujeres;Total Nacional;05 Canarias;2019;9.375
ASIA;Mujeres;Total Nacional;05 Canarias;2018;9.062
ASIA;Mujeres;Total Nacional;06 Cantabria;2022;984
ASIA;Mujeres;Total Nacional;06 Cantabria;2021;930
ASIA;Mujeres;Total Nacional;06 Cantabria;2020;922
ASIA;Mujeres;Total Nacional;06 Cantabria;2019;865
ASIA;Mujeres;Total Nacional;06 Cantabria;2018;821
ASIA;Mujeres;Total Nacional;07 Castilla y León;2022;3.572
ASIA;Mujeres;Total Nacional;07 Castilla y León;2021;3.500
ASIA;Mujeres;Total Nacional;07 Castilla y León;2020;3.454
ASIA;Mujeres;Total Nacional;07 Castilla y León;2019;3.281
ASIA;Mujeres;Total Nacional;07 Castilla y León;2018;3.086
ASIA;Mujeres;Total Nacional;08 Castilla - La Mancha;2022;4.275
ASIA;Mujeres;Total Nacional;08 Castilla - La Mancha;2021;4.235
ASIA;Mujeres;Total Nacional;08 Castilla - La Mancha;2020;4.267
ASIA;Mujeres;Total Nacional;08 Castilla - La Mancha;2019;4.063
ASIA;Mujeres;Total Nacional;08 Castilla - La Mancha;2018;3.789
ASIA;Mujeres;Total Nacional;09 Cataluña;2022;78.596
ASIA;Mujeres;Total Nacional;09 Cataluña;2021;76.930
ASIA;Mujeres;Total Nacional;09 Cataluña;2020;77.239
ASIA;Mujeres;Total Nacional;09 Cataluña;2019;71.787
ASIA;Mujeres;Total Nacional;09 Cataluña;2018;66.909
ASIA;Mujeres;Total Nacional;10 Comunitat Valenciana;2022;24.649
ASIA;Mujeres;Total Nacional;10 Comunitat Valenciana;2021;23.816
ASIA;Mujeres;Total Nacional;10 Comunitat Valenciana;2020;23.722
ASIA;Mujeres;Total Nacional;10 Comunitat Valenciana;2019;22.179
ASIA;Mujeres;Total Nacional;10 Comunitat Valenciana;2018;20.583
ASIA;Mujeres;Total Nacional;11 Extremadura;2022;1.083
ASIA;Mujeres;Total Nacional;11 Extremadura;2021;1.071
ASIA;Mujeres;Total Nacional;11 Extremadura;2020;1.051
ASIA;Mujeres;Total Nacional;11 Extremadura;2019;1.062
ASIA;Mujeres;Total Nacional;11 Extremadura;2018;1.058
ASIA;Mujeres;Total Nacional;12 Galicia;2022;2.773
ASIA;Mujeres;Total Nacional;12 Galicia;2021;2.639
ASIA;Mujeres;Total Nacional;12 Galicia;2020;2.558
ASIA;Mujeres;Total Nacional;12 Galicia;2019;2.423
ASIA;Mujeres;Total Nacional;12 Galicia;2018;2.318
ASIA;Mujeres;Total Nacional;13 Madrid, Comunidad de;2022;52.886
ASIA;Mujeres;Total Nacional;13 Madrid, Comunidad de;2021;54.676
ASIA;Mujeres;Total Nacional;13 Madrid, Comunidad de;2020;54.693
ASIA;Mujeres;Total Nacional;13 Madrid, Comunidad de;2019;51.838
ASIA;Mujeres;Total Nacional;13 Madrid, Comunidad de;2018;48.899
ASIA;Mujeres;Total Nacional;14 Murcia, Región de;2022;3.533
ASIA;Mujeres;Total Nacional;14 Murcia, Región de;2021;3.383
ASIA;Mujeres;Total Nacional;14 Murcia, Región de;2020;3.394
ASIA;Mujeres;Total Nacional;14 Murcia, Región de;2019;3.215
ASIA;Mujeres;Total Nacional;14 Murcia, Región de;2018;3.051
ASIA;Mujeres;Total Nacional;15 Navarra, Comunidad Foral de;2022;1.586
ASIA;Mujeres;Total Nacional;15 Navarra, Comunidad Foral de;2021;1.489
ASIA;Mujeres;Total Nacional;15 Navarra, Comunidad Foral de;2020;1.476
ASIA;Mujeres;Total Nacional;15 Navarra, Comunidad Foral de;2019;1.360
ASIA;Mujeres;Total Nacional;15 Navarra, Comunidad Foral de;2018;1.265
ASIA;Mujeres;Total Nacional;16 País Vasco;2022;6.840
ASIA;Mujeres;Total Nacional;16 País Vasco;2021;6.683
ASIA;Mujeres;Total Nacional;16 País Vasco;2020;6.543
ASIA;Mujeres;Total Nacional;16 País Vasco;2019;6.143
ASIA;Mujeres;Total Nacional;16 País Vasco;2018;5.812
ASIA;Mujeres;Total Nacional;17 Rioja, La;2022;1.635
ASIA;Mujeres;Total Nacional;17 Rioja, La;2021;1.528
ASIA;Mujeres;Total Nacional;17 Rioja, La;2020;1.499
ASIA;Mujeres;Total Nacional;17 Rioja, La;2019;1.488
ASIA;Mujeres;Total Nacional;17 Rioja, La;2018;1.500
ASIA;Mujeres;Total Nacional;18 Ceuta;2022;79
ASIA;Mujeres;Total Nacional;18 Ceuta;2021;80
ASIA;Mujeres;Total Nacional;18 Ceuta;2020;81
ASIA;Mujeres;Total Nacional;18 Ceuta;2019;79
ASIA;Mujeres;Total Nacional;18 Ceuta;2018;79
ASIA;Mujeres;Total Nacional;19 Melilla;2022;33
ASIA;Mujeres;Total Nacional;19 Melilla;2021;41
ASIA;Mujeres;Total Nacional;19 Melilla;2020;35
ASIA;Mujeres;Total Nacional;19 Melilla;2019;36
ASIA;Mujeres;Total Nacional;19 Melilla;2018;38
OCEANÍA;Hombres;Total Nacional;01 Andalucía;2022;302
OCEANÍA;Hombres;Total Nacional;01 Andalucía;2021;278
OCEANÍA;Hombres;Total Nacional;01 Andalucía;2020;283
OCEANÍA;Hombres;Total Nacional;01 Andalucía;2019;255
OCEANÍA;Hombres;Total Nacional;01 Andalucía;2018;234
OCEANÍA;Hombres;Total Nacional;02 Aragón;2022;22
OCEANÍA;Hombres;Total Nacional;02 Aragón;2021;18
OCEANÍA;Hombres;Total Nacional;02 Aragón;2020;22
OCEANÍA;Hombres;Total Nacional;02 Aragón;2019;24
OCEANÍA;Hombres;Total Nacional;02 Aragón;2018;38
OCEANÍA;Hombres;Total Nacional;03 Asturias, Principado de;2022;28
OCEANÍA;Hombres;Total Nacional;03 Asturias, Principado de;2021;28
OCEANÍA;Hombres;Total Nacional;03 Asturias, Principado de;2020;36
OCEANÍA;Hombres;Total Nacional;03 Asturias, Principado de;2019;33
OCEANÍA;Hombres;Total Nacional;03 Asturias, Principado de;2018;29
OCEANÍA;Hombres;Total Nacional;04 Balears, Illes;2022;225
OCEANÍA;Hombres;Total Nacional;04 Balears, Illes;2021;211
OCEANÍA;Hombres;Total Nacional;04 Balears, Illes;2020;190
OCEANÍA;Hombres;Total Nacional;04 Balears, Illes;2019;187
OCEANÍA;Hombres;Total Nacional;04 Balears, Illes;2018;180
OCEANÍA;Hombres;Total Nacional;05 Canarias;2022;66
OCEANÍA;Hombres;Total Nacional;05 Canarias;2021;67
OCEANÍA;Hombres;Total Nacional;05 Canarias;2020;74
OCEANÍA;Hombres;Total Nacional;05 Canarias;2019;63
OCEANÍA;Hombres;Total Nacional;05 Canarias;2018;70
OCEANÍA;Hombres;Total Nacional;06 Cantabria;2022;19
OCEANÍA;Hombres;Total Nacional;06 Cantabria;2021;22
OCEANÍA;Hombres;Total Nacional;06 Cantabria;2020;23
OCEANÍA;Hombres;Total Nacional;06 Cantabria;2019;24
OCEANÍA;Hombres;Total Nacional;06 Cantabria;2018;24
OCEANÍA;Hombres;Total Nacional;07 Castilla y León;2022;30
OCEANÍA;Hombres;Total Nacional;07 Castilla y León;2021;44
OCEANÍA;Hombres;Total Nacional;07 Castilla y León;2020;45
OCEANÍA;Hombres;Total Nacional;07 Castilla y León;2019;37
OCEANÍA;Hombres;Total Nacional;07 Castilla y León;2018;27
OCEANÍA;Hombres;Total Nacional;08 Castilla - La Mancha;2022;6
OCEANÍA;Hombres;Total Nacional;08 Castilla - La Mancha;2021;6
OCEANÍA;Hombres;Total Nacional;08 Castilla - La Mancha;2020;10
OCEANÍA;Hombres;Total Nacional;08 Castilla - La Mancha;2019;12
OCEANÍA;Hombres;Total Nacional;08 Castilla - La Mancha;2018;21
OCEANÍA;Hombres;Total Nacional;09 Cataluña;2022;606
OCEANÍA;Hombres;Total Nacional;09 Cataluña;2021;572
OCEANÍA;Hombres;Total Nacional;09 Cataluña;2020;603
OCEANÍA;Hombres;Total Nacional;09 Cataluña;2019;534
OCEANÍA;Hombres;Total Nacional;09 Cataluña;2018;504
OCEANÍA;Hombres;Total Nacional;10 Comunitat Valenciana;2022;230
OCEANÍA;Hombres;Total Nacional;10 Comunitat Valenciana;2021;236
OCEANÍA;Hombres;Total Nacional;10 Comunitat Valenciana;2020;232
OCEANÍA;Hombres;Total Nacional;10 Comunitat Valenciana;2019;215
OCEANÍA;Hombres;Total Nacional;10 Comunitat Valenciana;2018;188
OCEANÍA;Hombres;Total Nacional;11 Extremadura;2022;17
OCEANÍA;Hombres;Total Nacional;11 Extremadura;2021;17
OCEANÍA;Hombres;Total Nacional;11 Extremadura;2020;10
OCEANÍA;Hombres;Total Nacional;11 Extremadura;2019;10
OCEANÍA;Hombres;Total Nacional;11 Extremadura;2018;8
OCEANÍA;Hombres;Total Nacional;12 Galicia;2022;54
OCEANÍA;Hombres;Total Nacional;12 Galicia;2021;62
OCEANÍA;Hombres;Total Nacional;12 Galicia;2020;62
OCEANÍA;Hombres;Total Nacional;12 Galicia;2019;54
OCEANÍA;Hombres;Total Nacional;12 Galicia;2018;56
OCEANÍA;Hombres;Total Nacional;13 Madrid, Comunidad de;2022;293
OCEANÍA;Hombres;Total Nacional;13 Madrid, Comunidad de;2021;341
OCEANÍA;Hombres;Total Nacional;13 Madrid, Comunidad de;2020;348
OCEANÍA;Hombres;Total Nacional;13 Madrid, Comunidad de;2019;336
OCEANÍA;Hombres;Total Nacional;13 Madrid, Comunidad de;2018;308
OCEANÍA;Hombres;Total Nacional;14 Murcia, Región de;2022;23
OCEANÍA;Hombres;Total Nacional;14 Murcia, Región de;2021;18
OCEANÍA;Hombres;Total Nacional;14 Murcia, Región de;2020;21
OCEANÍA;Hombres;Total Nacional;14 Murcia, Región de;2019;17
OCEANÍA;Hombres;Total Nacional;14 Murcia, Región de;2018;16
OCEANÍA;Hombres;Total Nacional;15 Navarra, Comunidad Foral de;2022;10
OCEANÍA;Hombres;Total Nacional;15 Navarra, Comunidad Foral de;2021;11
OCEANÍA;Hombres;Total Nacional;15 Navarra, Comunidad Foral de;2020;15
OCEANÍA;Hombres;Total Nacional;15 Navarra, Comunidad Foral de;2019;13
OCEANÍA;Hombres;Total Nacional;15 Navarra, Comunidad Foral de;2018;14
OCEANÍA;Hombres;Total Nacional;16 País Vasco;2022;83
OCEANÍA;Hombres;Total Nacional;16 País Vasco;2021;84
OCEANÍA;Hombres;Total Nacional;16 País Vasco;2020;86
OCEANÍA;Hombres;Total Nacional;16 País Vasco;2019;78
OCEANÍA;Hombres;Total Nacional;16 País Vasco;2018;74
OCEANÍA;Hombres;Total Nacional;17 Rioja, La;2022;7
OCEANÍA;Hombres;Total Nacional;17 Rioja, La;2021;7
OCEANÍA;Hombres;Total Nacional;17 Rioja, La;2020;5
OCEANÍA;Hombres;Total Nacional;17 Rioja, La;2019;5
OCEANÍA;Hombres;Total Nacional;17 Rioja, La;2018;5
OCEANÍA;Hombres;Total Nacional;18 Ceuta;2022;0
OCEANÍA;Hombres;Total Nacional;18 Ceuta;2021;0
OCEANÍA;Hombres;Total Nacional;18 Ceuta;2020;0
OCEANÍA;Hombres;Total Nacional;18 Ceuta;2019;0
OCEANÍA;Hombres;Total Nacional;18 Ceuta;2018;0
OCEANÍA;Hombres;Total Nacional;19 Melilla;2022;0
OCEANÍA;Hombres;Total Nacional;19 Melilla;2021;0
OCEANÍA;Hombres;Total Nacional;19 Melilla;2020;0
OCEANÍA;Hombres;Total Nacional;19 Melilla;2019;1
OCEANÍA;Hombres;Total Nacional;19 Melilla;2018;1
OCEANÍA;Mujeres;Total Nacional;01 Andalucía;2022;271
OCEANÍA;Mujeres;Total Nacional;01 Andalucía;2021;281
OCEANÍA;Mujeres;Total Nacional;01 Andalucía;2020;280
OCEANÍA;Mujeres;Total Nacional;01 Andalucía;2019;269
OCEANÍA;Mujeres;Total Nacional;01 Andalucía;2018;242
OCEANÍA;Mujeres;Total Nacional;02 Aragón;2022;17
OCEANÍA;Mujeres;Total Nacional;02 Aragón;2021;25
OCEANÍA;Mujeres;Total Nacional;02 Aragón;2020;42
OCEANÍA;Mujeres;Total Nacional;02 Aragón;2019;31
OCEANÍA;Mujeres;Total Nacional;02 Aragón;2018;41
OCEANÍA;Mujeres;Total Nacional;03 Asturias, Principado de;2022;17
OCEANÍA;Mujeres;Total Nacional;03 Asturias, Principado de;2021;22
OCEANÍA;Mujeres;Total Nacional;03 Asturias, Principado de;2020;26
OCEANÍA;Mujeres;Total Nacional;03 Asturias, Principado de;2019;24
OCEANÍA;Mujeres;Total Nacional;03 Asturias, Principado de;2018;23
OCEANÍA;Mujeres;Total Nacional;04 Balears, Illes;2022;161
OCEANÍA;Mujeres;Total Nacional;04 Balears, Illes;2021;160
OCEANÍA;Mujeres;Total Nacional;04 Balears, Illes;2020;151
OCEANÍA;Mujeres;Total Nacional;04 Balears, Illes;2019;148
OCEANÍA;Mujeres;Total Nacional;04 Balears, Illes;2018;142
OCEANÍA;Mujeres;Total Nacional;05 Canarias;2022;53
OCEANÍA;Mujeres;Total Nacional;05 Canarias;2021;62
OCEANÍA;Mujeres;Total Nacional;05 Canarias;2020;68
OCEANÍA;Mujeres;Total Nacional;05 Canarias;2019;50
OCEANÍA;Mujeres;Total Nacional;05 Canarias;2018;50
OCEANÍA;Mujeres;Total Nacional;06 Cantabria;2022;13
OCEANÍA;Mujeres;Total Nacional;06 Cantabria;2021;14
OCEANÍA;Mujeres;Total Nacional;06 Cantabria;2020;15
OCEANÍA;Mujeres;Total Nacional;06 Cantabria;2019;18
OCEANÍA;Mujeres;Total Nacional;06 Cantabria;2018;16
OCEANÍA;Mujeres;Total Nacional;07 Castilla y León;2022;27
OCEANÍA;Mujeres;Total Nacional;07 Castilla y León;2021;30
OCEANÍA;Mujeres;Total Nacional;07 Castilla y León;2020;28
OCEANÍA;Mujeres;Total Nacional;07 Castilla y León;2019;27
OCEANÍA;Mujeres;Total Nacional;07 Castilla y León;2018;21
OCEANÍA;Mujeres;Total Nacional;08 Castilla - La Mancha;2022;15
OCEANÍA;Mujeres;Total Nacional;08 Castilla - La Mancha;2021;23
OCEANÍA;Mujeres;Total Nacional;08 Castilla - La Mancha;2020;24
OCEANÍA;Mujeres;Total Nacional;08 Castilla - La Mancha;2019;24
OCEANÍA;Mujeres;Total Nacional;08 Castilla - La Mancha;2018;26
OCEANÍA;Mujeres;Total Nacional;09 Cataluña;2022;409
OCEANÍA;Mujeres;Total Nacional;09 Cataluña;2021;431
OCEANÍA;Mujeres;Total Nacional;09 Cataluña;2020;453
OCEANÍA;Mujeres;Total Nacional;09 Cataluña;2019;395
OCEANÍA;Mujeres;Total Nacional;09 Cataluña;2018;370
OCEANÍA;Mujeres;Total Nacional;10 Comunitat Valenciana;2022;202
OCEANÍA;Mujeres;Total Nacional;10 Comunitat Valenciana;2021;216
OCEANÍA;Mujeres;Total Nacional;10 Comunitat Valenciana;2020;225
OCEANÍA;Mujeres;Total Nacional;10 Comunitat Valenciana;2019;208
OCEANÍA;Mujeres;Total Nacional;10 Comunitat Valenciana;2018;185
OCEANÍA;Mujeres;Total Nacional;11 Extremadura;2022;6
OCEANÍA;Mujeres;Total Nacional;11 Extremadura;2021;3
OCEANÍA;Mujeres;Total Nacional;11 Extremadura;2020;4
OCEANÍA;Mujeres;Total Nacional;11 Extremadura;2019;3
OCEANÍA;Mujeres;Total Nacional;11 Extremadura;2018;0
OCEANÍA;Mujeres;Total Nacional;12 Galicia;2022;51
OCEANÍA;Mujeres;Total Nacional;12 Galicia;2021;55
OCEANÍA;Mujeres;Total Nacional;12 Galicia;2020;58
OCEANÍA;Mujeres;Total Nacional;12 Galicia;2019;56
OCEANÍA;Mujeres;Total Nacional;12 Galicia;2018;50
OCEANÍA;Mujeres;Total Nacional;13 Madrid, Comunidad de;2022;237
OCEANÍA;Mujeres;Total Nacional;13 Madrid, Comunidad de;2021;290
OCEANÍA;Mujeres;Total Nacional;13 Madrid, Comunidad de;2020;297
OCEANÍA;Mujeres;Total Nacional;13 Madrid, Comunidad de;2019;283
OCEANÍA;Mujeres;Total Nacional;13 Madrid, Comunidad de;2018;251
OCEANÍA;Mujeres;Total Nacional;14 Murcia, Región de;2022;11
OCEANÍA;Mujeres;Total Nacional;14 Murcia, Región de;2021;16
OCEANÍA;Mujeres;Total Nacional;14 Murcia, Región de;2020;21
OCEANÍA;Mujeres;Total Nacional;14 Murcia, Región de;2019;20
OCEANÍA;Mujeres;Total Nacional;14 Murcia, Región de;2018;16
OCEANÍA;Mujeres;Total Nacional;15 Navarra, Comunidad Foral de;2022;7
OCEANÍA;Mujeres;Total Nacional;15 Navarra, Comunidad Foral de;2021;13
OCEANÍA;Mujeres;Total Nacional;15 Navarra, Comunidad Foral de;2020;22
OCEANÍA;Mujeres;Total Nacional;15 Navarra, Comunidad Foral de;2019;19
OCEANÍA;Mujeres;Total Nacional;15 Navarra, Comunidad Foral de;2018;17
OCEANÍA;Mujeres;Total Nacional;16 País Vasco;2022;55
OCEANÍA;Mujeres;Total Nacional;16 País Vasco;2021;62
OCEANÍA;Mujeres;Total Nacional;16 País Vasco;2020;54
OCEANÍA;Mujeres;Total Nacional;16 País Vasco;2019;52
OCEANÍA;Mujeres;Total Nacional;16 País Vasco;2018;54
OCEANÍA;Mujeres;Total Nacional;17 Rioja, La;2022;7
OCEANÍA;Mujeres;Total Nacional;17 Rioja, La;2021;7
OCEANÍA;Mujeres;Total Nacional;17 Rioja, La;2020;6
OCEANÍA;Mujeres;Total Nacional;17 Rioja, La;2019;5
OCEANÍA;Mujeres;Total Nacional;17 Rioja, La;2018;4
OCEANÍA;Mujeres;Total Nacional;18 Ceuta;2022;0
OCEANÍA;Mujeres;Total Nacional;18 Ceuta;2021;0
OCEANÍA;Mujeres;Total Nacional;18 Ceuta;2020;1
OCEANÍA;Mujeres;Total Nacional;18 Ceuta;2019;1
OCEANÍA;Mujeres;Total Nacional;18 Ceuta;2018;0
OCEANÍA;Mujeres;Total Nacional;19 Melilla;2022;0
OCEANÍA;Mujeres;Total Nacional;19 Melilla;2021;0
OCEANÍA;Mujeres;Total Nacional;19 Melilla;2020;0
OCEANÍA;Mujeres;Total Nacional;19 Melilla;2019;0
OCEANÍA;Mujeres;Total Nacional;19 Melilla;2018;0
